run_hours,health_index
0,1.0
1,0.9994997498749375
2,0.9989994997498749
3,0.9984992496248124
4,0.9979989994997499
5,0.9974987493746873
6,0.9969984992496248
7,0.9964982491245623
8,0.9959979989994997
9,0.9954977488744372
10,0.9949974987493747
11,0.9944972486243121
12,0.9939969984992496
13,0.9934967483741871
14,0.9929964982491246
15,0.992496248124062
16,0.9919959979989995
17,0.991495747873937
18,0.9909954977488744
19,0.9904952476238119
20,0.9899949974987494
21,0.9894947473736868
22,0.9889944972486243
23,0.9884942471235618
24,0.9879939969984992
25,0.9874937468734367
26,0.9869934967483742
27,0.9864932466233116
28,0.9859929964982491
29,0.9854927463731866
30,0.984992496248124
31,0.9844922461230615
32,0.983991995997999
33,0.9834917458729364
34,0.9829914957478739
35,0.9824912456228114
36,0.9819909954977488
37,0.9814907453726863
38,0.9809904952476238
39,0.9804902451225613
40,0.9799899949974987
41,0.9794897448724362
42,0.9789894947473737
43,0.9784892446223111
44,0.9779889944972486
45,0.9774887443721861
46,0.9769884942471235
47,0.976488244122061
48,0.9759879939969985
49,0.9754877438719359
50,0.9749874937468734
51,0.9744872436218109
52,0.9739869934967483
53,0.9734867433716858
54,0.9729864932466233
55,0.9724862431215607
56,0.9719859929964982
57,0.9714857428714357
58,0.9709854927463731
59,0.9704852426213106
60,0.9699849924962481
61,0.9694847423711856
62,0.968984492246123
63,0.9684842421210605
64,0.967983991995998
65,0.9674837418709354
66,0.966983491745873
67,0.9664832416208105
68,0.9659829914957478
69,0.9654827413706853
70,0.9649824912456229
71,0.9644822411205602
72,0.9639819909954978
73,0.9634817408704353
74,0.9629814907453726
75,0.9624812406203102
76,0.9619809904952477
77,0.961480740370185
78,0.9609804902451226
79,0.9604802401200601
80,0.9599799899949975
81,0.959479739869935
82,0.9589794897448725
83,0.9584792396198099
84,0.9579789894947474
85,0.9574787393696849
86,0.9569784892446224
87,0.9564782391195598
88,0.9559779889944973
89,0.9554777388694348
90,0.9549774887443722
91,0.9544772386193097
92,0.9539769884942472
93,0.9534767383691846
94,0.9529764882441221
95,0.9524762381190596
96,0.951975987993997
97,0.9514757378689345
98,0.950975487743872
99,0.9504752376188094
100,0.9499749874937469
101,0.9494747373686844
102,0.9489744872436218
103,0.9484742371185593
104,0.9479739869934968
105,0.9474737368684343
106,0.9469734867433717
107,0.9464732366183092
108,0.9459729864932467
109,0.9454727363681841
110,0.9449724862431216
111,0.9444722361180591
112,0.9439719859929965
113,0.943471735867934
114,0.9429714857428715
115,0.9424712356178089
116,0.9419709854927464
117,0.9414707353676839
118,0.9409704852426213
119,0.9404702351175588
120,0.9399699849924963
121,0.9394697348674337
122,0.9389694847423712
123,0.9384692346173087
124,0.9379689844922461
125,0.9374687343671836
126,0.9369684842421211
127,0.9364682341170585
128,0.935967983991996
129,0.9354677338669335
130,0.9349674837418709
131,0.9344672336168084
132,0.9339669834917459
133,0.9334667333666833
134,0.9329664832416208
135,0.9324662331165583
136,0.9319659829914958
137,0.9314657328664332
138,0.9309654827413707
139,0.9304652326163082
140,0.9299649824912456
141,0.9294647323661831
142,0.9289644822411206
143,0.928464232116058
144,0.9279639819909955
145,0.927463731865933
146,0.9269634817408704
147,0.9264632316158079
148,0.9259629814907454
149,0.9254627313656828
150,0.9249624812406203
151,0.9244622311155578
152,0.9239619809904953
153,0.9234617308654327
154,0.9229614807403702
155,0.9224612306153077
156,0.9219609804902451
157,0.9214607303651826
158,0.9209604802401201
159,0.9204602301150575
160,0.919959979989995
161,0.9194597298649325
162,0.9189594797398699
163,0.9184592296148074
164,0.9179589794897449
165,0.9174587293646823
166,0.9169584792396198
167,0.9164582291145573
168,0.9159579789894947
169,0.9154577288644322
170,0.9149574787393697
171,0.9144572286143071
172,0.9139569784892446
173,0.9134567283641821
174,0.9129564782391195
175,0.912456228114057
176,0.9119559779889945
177,0.9114557278639319
178,0.9109554777388694
179,0.9104552276138069
180,0.9099549774887443
181,0.9094547273636818
182,0.9089544772386193
183,0.9084542271135567
184,0.9079539769884942
185,0.9074537268634317
186,0.9069534767383692
187,0.9064532266133066
188,0.9059529764882441
189,0.9054527263631816
190,0.904952476238119
191,0.9044522261130565
192,0.903951975987994
193,0.9034517258629314
194,0.9029514757378689
195,0.9024512256128064
196,0.9019509754877438
197,0.9014507253626813
198,0.9009504752376188
199,0.9004502251125563
200,0.8999499749874937
201,0.8994497248624312
202,0.8989494747373687
203,0.8984492246123061
204,0.8979489744872436
205,0.8974487243621811
206,0.8969484742371185
207,0.896448224112056
208,0.8959479739869936
209,0.8954477238619309
210,0.8949474737368684
211,0.894447223611806
212,0.8939469734867433
213,0.8934467233616809
214,0.8929464732366184
215,0.8924462231115557
216,0.8919459729864933
217,0.8914457228614308
218,0.8909454727363681
219,0.8904452226113057
220,0.8899449724862432
221,0.8894447223611806
222,0.888944472236118
223,0.8884442221110556
224,0.887943971985993
225,0.8874437218609305
226,0.886943471735868
227,0.8864432216108054
228,0.8859429714857429
229,0.8854427213606804
230,0.8849424712356178
231,0.8844422211105553
232,0.8839419709854928
233,0.8834417208604303
234,0.8829414707353677
235,0.8824412206103052
236,0.8819409704852427
237,0.8814407203601801
238,0.8809404702351176
239,0.8804402201100551
240,0.8799399699849925
241,0.87943971985993
242,0.8789394697348675
243,0.8784392196098049
244,0.8779389694847424
245,0.8774387193596799
246,0.8769384692346174
247,0.8764382191095548
248,0.8759379689844923
249,0.8754377188594298
250,0.8749374687343672
251,0.8744372186093047
252,0.8739369684842422
253,0.8734367183591796
254,0.8729364682341171
255,0.8724362181090546
256,0.871935967983992
257,0.8714357178589295
258,0.870935467733867
259,0.8704352176088044
260,0.8699349674837419
261,0.8694347173586794
262,0.8689344672336168
263,0.8684342171085543
264,0.8679339669834918
265,0.8674337168584292
266,0.8669334667333667
267,0.8664332166083042
268,0.8659329664832416
269,0.8654327163581791
270,0.8649324662331166
271,0.864432216108054
272,0.8639319659829915
273,0.863431715857929
274,0.8629314657328664
275,0.8624312156078039
276,0.8619309654827414
277,0.8614307153576788
278,0.8609304652326163
279,0.8604302151075538
280,0.8599299649824912
281,0.8594297148574287
282,0.8589294647323662
283,0.8584292146073037
284,0.8579289644822411
285,0.8574287143571786
286,0.8569284642321161
287,0.8564282141070535
288,0.855927963981991
289,0.8554277138569285
290,0.854927463731866
291,0.8544272136068034
292,0.8539269634817409
293,0.8534267133566784
294,0.8529264632316158
295,0.8524262131065533
296,0.8519259629814908
297,0.8514257128564282
298,0.8509254627313657
299,0.8504252126063032
300,0.8499249624812406
301,0.8494247123561781
302,0.8489244622311156
303,0.848424212106053
304,0.8479239619809905
305,0.847423711855928
306,0.8469234617308654
307,0.8464232116058029
308,0.8459229614807404
309,0.8454227113556778
310,0.8449224612306153
311,0.8444222111055528
312,0.8439219609804902
313,0.8434217108554277
314,0.8429214607303652
315,0.8424212106053026
316,0.8419209604802401
317,0.8414207103551776
318,0.840920460230115
319,0.8404202101050525
320,0.83991995997999
321,0.8394197098549274
322,0.8389194597298649
323,0.8384192096048024
324,0.8379189594797398
325,0.8374187093546773
326,0.8369184592296148
327,0.8364182091045522
328,0.8359179589794897
329,0.8354177088544272
330,0.8349174587293646
331,0.8344172086043021
332,0.8339169584792396
333,0.8334167083541771
334,0.8329164582291145
335,0.832416208104052
336,0.8319159579789895
337,0.831415707853927
338,0.8309154577288644
339,0.8304152076038019
340,0.8299149574787394
341,0.8294147073536768
342,0.8289144572286143
343,0.8284142071035518
344,0.8279139569784892
345,0.8274137068534267
346,0.8269134567283642
347,0.8264132066033016
348,0.8259129564782391
349,0.8254127063531767
350,0.824912456228114
351,0.8244122061030515
352,0.823911955977989
353,0.8234117058529264
354,0.822911455727864
355,0.8224112056028015
356,0.8219109554777388
357,0.8214107053526764
358,0.8209104552276139
359,0.8204102051025512
360,0.8199099549774888
361,0.8194097048524263
362,0.8189094547273637
363,0.8184092046023012
364,0.8179089544772387
365,0.817408704352176
366,0.8169084542271136
367,0.8164082041020511
368,0.8159079539769885
369,0.815407703851926
370,0.8149074537268635
371,0.8144072036018009
372,0.8139069534767384
373,0.8134067033516759
374,0.8129064532266133
375,0.8124062031015508
376,0.8119059529764883
377,0.8114057028514257
378,0.8109054527263632
379,0.8104052026013007
380,0.8099049524762382
381,0.8094047023511756
382,0.8089044522261131
383,0.8084042021010506
384,0.8079039519759881
385,0.8074037018509255
386,0.806903451725863
387,0.8064032016008005
388,0.8059029514757379
389,0.8054027013506754
390,0.8049024512256129
391,0.8044022011005503
392,0.8039019509754878
393,0.8034017008504253
394,0.8029014507253627
395,0.8024012006003002
396,0.8019009504752377
397,0.8014007003501751
398,0.8009004502251126
399,0.8004002001000501
400,0.7998999499749875
401,0.799399699849925
402,0.7988994497248625
403,0.7983991995997999
404,0.7978989494747374
405,0.7973986993496749
406,0.7968984492246123
407,0.7963981990995498
408,0.7958979489744873
409,0.7953976988494247
410,0.7948974487243622
411,0.7943971985992997
412,0.7938969484742371
413,0.7933966983491746
414,0.7928964482241121
415,0.7923961980990495
416,0.791895947973987
417,0.7913956978489245
418,0.7908954477238619
419,0.7903951975987994
420,0.7898949474737369
421,0.7893946973486743
422,0.7888944472236118
423,0.7883941970985493
424,0.7878939469734867
425,0.7873936968484242
426,0.7868934467233617
427,0.7863931965982992
428,0.7858929464732366
429,0.7853926963481741
430,0.7848924462231116
431,0.784392196098049
432,0.7838919459729865
433,0.783391695847924
434,0.7828914457228615
435,0.7823911955977989
436,0.7818909454727364
437,0.7813906953476739
438,0.7808904452226113
439,0.7803901950975488
440,0.7798899449724863
441,0.7793896948474237
442,0.7788894447223612
443,0.7783891945972987
444,0.7778889444722361
445,0.7773886943471736
446,0.7768884442221111
447,0.7763881940970485
448,0.775887943971986
449,0.7753876938469235
450,0.7748874437218609
451,0.7743871935967984
452,0.7738869434717359
453,0.7733866933466733
454,0.7728864432216108
455,0.7723861930965483
456,0.7718859429714857
457,0.7713856928464232
458,0.7708854427213607
459,0.7703851925962981
460,0.7698849424712356
461,0.7693846923461731
462,0.7688844422211105
463,0.768384192096048
464,0.7678839419709855
465,0.7673836918459229
466,0.7668834417208604
467,0.7663831915957979
468,0.7658829414707353
469,0.7653826913456728
470,0.7648824412206103
471,0.7643821910955477
472,0.7638819409704852
473,0.7633816908454227
474,0.7628814407203602
475,0.7623811905952976
476,0.7618809404702351
477,0.7613806903451726
478,0.76088044022011
479,0.7603801900950475
480,0.759879939969985
481,0.7593796898449225
482,0.7588794397198599
483,0.7583791895947974
484,0.757878939469735
485,0.7573786893446723
486,0.7568784392196098
487,0.7563781890945473
488,0.7558779389694847
489,0.7553776888444222
490,0.7548774387193598
491,0.7543771885942971
492,0.7538769384692346
493,0.7533766883441722
494,0.7528764382191095
495,0.752376188094047
496,0.7518759379689846
497,0.751375687843922
498,0.7508754377188595
499,0.750375187593797
500,0.7498749374687343
501,0.7493746873436719
502,0.7488744372186094
503,0.7483741870935467
504,0.7478739369684843
505,0.7473736868434218
506,0.7468734367183592
507,0.7463731865932967
508,0.7458729364682342
509,0.7453726863431716
510,0.7448724362181091
511,0.7443721860930466
512,0.743871935967984
513,0.7433716858429215
514,0.742871435717859
515,0.7423711855927964
516,0.7418709354677339
517,0.7413706853426714
518,0.7408704352176088
519,0.7403701850925464
520,0.7398699349674838
521,0.7393696848424212
522,0.7388694347173588
523,0.7383691845922962
524,0.7378689344672336
525,0.7373686843421712
526,0.7368684342171086
527,0.736368184092046
528,0.7358679339669836
529,0.735367683841921
530,0.7348674337168585
531,0.734367183591796
532,0.7338669334667334
533,0.7333666833416709
534,0.7328664332166084
535,0.7323661830915458
536,0.7318659329664833
537,0.7313656828414208
538,0.7308654327163582
539,0.7303651825912957
540,0.7298649324662332
541,0.7293646823411706
542,0.7288644322161081
543,0.7283641820910456
544,0.727863931965983
545,0.7273636818409205
546,0.726863431715858
547,0.7263631815907954
548,0.7258629314657329
549,0.7253626813406704
550,0.7248624312156078
551,0.7243621810905453
552,0.7238619309654828
553,0.7233616808404202
554,0.7228614307153577
555,0.7223611805902952
556,0.7218609304652326
557,0.7213606803401701
558,0.7208604302151076
559,0.720360180090045
560,0.7198599299649825
561,0.71935967983992
562,0.7188594297148574
563,0.7183591795897949
564,0.7178589294647324
565,0.7173586793396698
566,0.7168584292146074
567,0.7163581790895448
568,0.7158579289644822
569,0.7153576788394198
570,0.7148574287143572
571,0.7143571785892946
572,0.7138569284642322
573,0.7133566783391696
574,0.712856428214107
575,0.7123561780890446
576,0.711855927963982
577,0.7113556778389194
578,0.710855427713857
579,0.7103551775887944
580,0.7098549274637319
581,0.7093546773386694
582,0.7088544272136068
583,0.7083541770885443
584,0.7078539269634818
585,0.7073536768384192
586,0.7068534267133567
587,0.7063531765882942
588,0.7058529264632316
589,0.7053526763381691
590,0.7048524262131066
591,0.704352176088044
592,0.7038519259629815
593,0.703351675837919
594,0.7028514257128564
595,0.7023511755877939
596,0.7018509254627314
597,0.7013506753376688
598,0.7008504252126063
599,0.7003501750875438
600,0.6998499249624812
601,0.6993496748374187
602,0.6988494247123562
603,0.6983491745872936
604,0.6978489244622311
605,0.6973486743371686
606,0.696848424212106
607,0.6963481740870435
608,0.695847923961981
609,0.6953476738369184
610,0.6948474237118559
611,0.6943471735867934
612,0.6938469234617308
613,0.6933466733366683
614,0.6928464232116058
615,0.6923461730865432
616,0.6918459229614808
617,0.6913456728364182
618,0.6908454227113556
619,0.6903451725862932
620,0.6898449224612306
621,0.689344672336168
622,0.6888444222111056
623,0.688344172086043
624,0.6878439219609804
625,0.687343671835918
626,0.6868434217108554
627,0.6863431715857929
628,0.6858429214607304
629,0.6853426713356678
630,0.6848424212106053
631,0.6843421710855428
632,0.6838419209604802
633,0.6833416708354177
634,0.6828414207103553
635,0.6823411705852926
636,0.6818409204602301
637,0.6813406703351677
638,0.680840420210105
639,0.6803401700850426
640,0.67983991995998
641,0.6793396698349174
642,0.678839419709855
643,0.6783391695847925
644,0.6778389194597298
645,0.6773386693346674
646,0.6768384192096049
647,0.6763381690845423
648,0.6758379189594798
649,0.6753376688344173
650,0.6748374187093547
651,0.6743371685842922
652,0.6738369184592297
653,0.673336668334167
654,0.6728364182091046
655,0.6723361680840421
656,0.6718359179589795
657,0.671335667833917
658,0.6708354177088545
659,0.6703351675837919
660,0.6698349174587294
661,0.6693346673336669
662,0.6688344172086043
663,0.6683341670835419
664,0.6678339169584793
665,0.6673336668334167
666,0.6668334167083543
667,0.6663331665832917
668,0.6658329164582291
669,0.6653326663331667
670,0.6648324162081041
671,0.6643321660830415
672,0.6638319159579791
673,0.6633316658329165
674,0.662831415707854
675,0.6623311655827915
676,0.6618309154577289
677,0.6613306653326664
678,0.6608304152076039
679,0.6603301650825413
680,0.6598299149574788
681,0.6593296648324163
682,0.6588294147073537
683,0.6583291645822912
684,0.6578289144572287
685,0.6573286643321661
686,0.6568284142071036
687,0.6563281640820411
688,0.6558279139569785
689,0.655327663831916
690,0.6548274137068535
691,0.6543271635817909
692,0.6538269134567284
693,0.6533266633316659
694,0.6528264132066033
695,0.6523261630815408
696,0.6518259129564783
697,0.6513256628314157
698,0.6508254127063532
699,0.6503251625812907
700,0.6498249124562281
701,0.6493246623311656
702,0.6488244122061031
703,0.6483241620810405
704,0.647823911955978
705,0.6473236618309155
706,0.6468234117058529
707,0.6463231615807904
708,0.6458229114557279
709,0.6453226613306653
710,0.6448224112056029
711,0.6443221610805403
712,0.6438219109554777
713,0.6433216608304153
714,0.6428214107053527
715,0.6423211605802901
716,0.6418209104552277
717,0.6413206603301651
718,0.6408204102051025
719,0.6403201600800401
720,0.6398199099549775
721,0.639319659829915
722,0.6388194097048525
723,0.6383191595797899
724,0.6378189094547274
725,0.6373186593296649
726,0.6368184092046023
727,0.6363181590795398
728,0.6358179089544773
729,0.6353176588294147
730,0.6348174087043522
731,0.6343171585792897
732,0.6338169084542271
733,0.6333166583291646
734,0.6328164082041021
735,0.6323161580790395
736,0.631815907953977
737,0.6313156578289145
738,0.6308154077038519
739,0.6303151575787894
740,0.6298149074537269
741,0.6293146573286643
742,0.6288144072036018
743,0.6283141570785393
744,0.6278139069534767
745,0.6273136568284142
746,0.6268134067033517
747,0.6263131565782891
748,0.6258129064532266
749,0.6253126563281641
750,0.6248124062031015
751,0.624312156078039
752,0.6238119059529765
753,0.6233116558279139
754,0.6228114057028514
755,0.6223111555777889
756,0.6218109054527263
757,0.6213106553276639
758,0.6208104052026013
759,0.6203101550775387
760,0.6198099049524763
761,0.6193096548274137
762,0.6188094047023511
763,0.6183091545772887
764,0.6178089044522261
765,0.6173086543271635
766,0.6168084042021011
767,0.6163081540770385
768,0.615807903951976
769,0.6153076538269135
770,0.6148074037018509
771,0.6143071535767884
772,0.613806903451726
773,0.6133066533266633
774,0.6128064032016008
775,0.6123061530765384
776,0.6118059029514757
777,0.6113056528264132
778,0.6108054027013508
779,0.6103051525762881
780,0.6098049024512256
781,0.6093046523261632
782,0.6088044022011005
783,0.608304152076038
784,0.6078039019509756
785,0.607303651825913
786,0.6068034017008505
787,0.606303151575788
788,0.6058029014507254
789,0.6053026513256629
790,0.6048024012006004
791,0.6043021510755378
792,0.6038019009504753
793,0.6033016508254128
794,0.6028014007003502
795,0.6023011505752877
796,0.6018009004502252
797,0.6013006503251626
798,0.6008004002001001
799,0.6003001500750376
800,0.599799899949975
801,0.5992996498249125
802,0.59879939969985
803,0.5982991495747874
804,0.597798899449725
805,0.5972986493246624
806,0.5967983991995998
807,0.5962981490745374
808,0.5957978989494748
809,0.5952976488244122
810,0.5947973986993498
811,0.5942971485742872
812,0.5937968984492246
813,0.5932966483241622
814,0.5927963981990996
815,0.592296148074037
816,0.5917958979489746
817,0.591295647823912
818,0.5907953976988495
819,0.590295147573787
820,0.5897948974487244
821,0.5892946473236619
822,0.5887943971985994
823,0.5882941470735368
824,0.5877938969484743
825,0.5872936468234118
826,0.5867933966983492
827,0.5862931465732867
828,0.5857928964482242
829,0.5852926463231616
830,0.5847923961980991
831,0.5842921460730366
832,0.583791895947974
833,0.5832916458229115
834,0.582791395697849
835,0.5822911455727864
836,0.5817908954477239
837,0.5812906453226614
838,0.5807903951975988
839,0.5802901450725363
840,0.5797898949474738
841,0.5792896448224112
842,0.5787893946973487
843,0.5782891445722862
844,0.5777888944472236
845,0.5772886443221611
846,0.5767883941970986
847,0.576288144072036
848,0.5757878939469735
849,0.575287643821911
850,0.5747873936968484
851,0.5742871435717859
852,0.5737868934467234
853,0.5732866433216608
854,0.5727863931965984
855,0.5722861430715358
856,0.5717858929464732
857,0.5712856428214108
858,0.5707853926963482
859,0.5702851425712856
860,0.5697848924462232
861,0.5692846423211606
862,0.568784392196098
863,0.5682841420710356
864,0.567783891945973
865,0.5672836418209105
866,0.566783391695848
867,0.5662831415707854
868,0.5657828914457229
869,0.5652826413206604
870,0.5647823911955978
871,0.5642821410705353
872,0.5637818909454728
873,0.5632816408204102
874,0.5627813906953477
875,0.5622811405702852
876,0.5617808904452226
877,0.5612806403201601
878,0.5607803901950976
879,0.560280140070035
880,0.5597798899449725
881,0.55927963981991
882,0.5587793896948474
883,0.5582791395697849
884,0.5577788894447224
885,0.5572786393196598
886,0.5567783891945973
887,0.5562781390695348
888,0.5557778889444722
889,0.5552776388194097
890,0.5547773886943472
891,0.5542771385692846
892,0.5537768884442221
893,0.5532766383191596
894,0.552776388194097
895,0.5522761380690345
896,0.551775887943972
897,0.5512756378189094
898,0.5507753876938469
899,0.5502751375687844
900,0.5497748874437218
901,0.5492746373186594
902,0.5487743871935968
903,0.5482741370685342
904,0.5477738869434718
905,0.5472736368184092
906,0.5467733866933466
907,0.5462731365682842
908,0.5457728864432216
909,0.545272636318159
910,0.5447723861930966
911,0.544272136068034
912,0.5437718859429715
913,0.543271635817909
914,0.5427713856928464
915,0.542271135567784
916,0.5417708854427215
917,0.5412706353176588
918,0.5407703851925963
919,0.5402701350675339
920,0.5397698849424712
921,0.5392696348174087
922,0.5387693846923463
923,0.5382691345672836
924,0.5377688844422212
925,0.5372686343171587
926,0.536768384192096
927,0.5362681340670336
928,0.5357678839419711
929,0.5352676338169085
930,0.534767383691846
931,0.5342671335667835
932,0.5337668834417209
933,0.5332666333166584
934,0.5327663831915959
935,0.5322661330665333
936,0.5317658829414708
937,0.5312656328164083
938,0.5307653826913457
939,0.5302651325662832
940,0.5297648824412207
941,0.5292646323161581
942,0.5287643821910956
943,0.5282641320660331
944,0.5277638819409705
945,0.527263631815908
946,0.5267633816908455
947,0.5262631315657829
948,0.5257628814407205
949,0.5252626313156579
950,0.5247623811905953
951,0.5242621310655329
952,0.5237618809404703
953,0.5232616308154077
954,0.5227613806903453
955,0.5222611305652827
956,0.5217608804402201
957,0.5212606303151577
958,0.5207603801900951
959,0.5202601300650326
960,0.5197598799399701
961,0.5192596298149075
962,0.518759379689845
963,0.5182591295647825
964,0.5177588794397199
965,0.5172586293146574
966,0.5167583791895949
967,0.5162581290645323
968,0.5157578789394698
969,0.5152576288144073
970,0.5147573786893447
971,0.5142571285642822
972,0.5137568784392197
973,0.5132566283141571
974,0.5127563781890946
975,0.5122561280640321
976,0.5117558779389695
977,0.511255627813907
978,0.5107553776888445
979,0.5102551275637819
980,0.5097548774387194
981,0.5092546273136569
982,0.5087543771885943
983,0.5082541270635318
984,0.5077538769384693
985,0.5072536268134067
986,0.5067533766883442
987,0.5062531265632817
988,0.5057528764382191
989,0.5052526263131566
990,0.5047523761880941
991,0.5042521260630315
992,0.503751875937969
993,0.5032516258129065
994,0.5027513756878439
995,0.5022511255627815
996,0.5017508754377189
997,0.5012506253126563
998,0.5007503751875939
999,0.5002501250625313
1000,0.4997498749374688
1001,0.4992496248124062
1002,0.4987493746873437
1003,0.4982491245622812
1004,0.4977488744372186
1005,0.4972486243121561
1006,0.4967483741870936
1007,0.496248124062031
1008,0.4957478739369685
1009,0.495247623811906
1010,0.4947473736868434
1011,0.4942471235617809
1012,0.4937468734367184
1013,0.4932466233116559
1014,0.4927463731865933
1015,0.4922461230615308
1016,0.4917458729364683
1017,0.4912456228114057
1018,0.4907453726863432
1019,0.4902451225612807
1020,0.4897448724362181
1021,0.4892446223111556
1022,0.4887443721860931
1023,0.4882441220610305
1024,0.487743871935968
1025,0.4872436218109055
1026,0.4867433716858429
1027,0.4862431215607804
1028,0.4857428714357179
1029,0.4852426213106553
1030,0.4847423711855928
1031,0.48424212106053033
1032,0.4837418709354677
1033,0.4832416208104052
1034,0.48274137068534273
1035,0.4822411205602801
1036,0.4817408704352176
1037,0.48124062031015513
1038,0.48074037018509264
1039,0.48024012006003003
1040,0.47973986993496753
1041,0.47923961980990504
1042,0.47873936968484243
1043,0.47823911955977993
1044,0.47773886943471744
1045,0.47723861930965483
1046,0.47673836918459234
1047,0.47623811905952984
1048,0.47573786893446723
1049,0.47523761880940474
1050,0.47473736868434224
1051,0.47423711855927964
1052,0.47373686843421714
1053,0.47323661830915464
1054,0.47273636818409204
1055,0.47223611805902954
1056,0.47173586793396705
1057,0.47123561780890444
1058,0.47073536768384194
1059,0.47023511755877945
1060,0.46973486743371695
1061,0.46923461730865434
1062,0.46873436718359185
1063,0.46823411705852935
1064,0.46773386693346675
1065,0.46723361680840425
1066,0.46673336668334175
1067,0.46623311655827915
1068,0.46573286643321665
1069,0.46523261630815416
1070,0.46473236618309155
1071,0.46423211605802905
1072,0.46373186593296656
1073,0.46323161580790395
1074,0.46273136568284146
1075,0.46223111555777896
1076,0.46173086543271635
1077,0.46123061530765386
1078,0.46073036518259136
1079,0.46023011505752875
1080,0.45972986493246626
1081,0.45922961480740376
1082,0.45872936468234116
1083,0.45822911455727866
1084,0.45772886443221616
1085,0.45722861430715367
1086,0.45672836418209106
1087,0.45622811405702857
1088,0.45572786393196607
1089,0.45522761380690346
1090,0.45472736368184097
1091,0.4542271135567785
1092,0.45372686343171587
1093,0.45322661330665337
1094,0.4527263631815909
1095,0.45222611305652827
1096,0.45172586293146577
1097,0.4512256128064033
1098,0.45072536268134067
1099,0.4502251125562782
1100,0.4497248624312157
1101,0.44922461230615307
1102,0.4487243621810906
1103,0.4482241120560281
1104,0.44772386193096547
1105,0.447223611805903
1106,0.4467233616808405
1107,0.4462231115557779
1108,0.4457228614307154
1109,0.4452226113056529
1110,0.4447223611805904
1111,0.4442221110555278
1112,0.4437218609304653
1113,0.4432216108054028
1114,0.4427213606803402
1115,0.4422211105552777
1116,0.4417208604302152
1117,0.4412206103051526
1118,0.4407203601800901
1119,0.4402201100550276
1120,0.439719859929965
1121,0.4392196098049025
1122,0.43871935967984
1123,0.4382191095547774
1124,0.4377188594297149
1125,0.4372186093046524
1126,0.4367183591795898
1127,0.4362181090545273
1128,0.4357178589294648
1129,0.4352176088044022
1130,0.4347173586793397
1131,0.4342171085542772
1132,0.4337168584292147
1133,0.4332166083041521
1134,0.4327163581790896
1135,0.4322161080540271
1136,0.4317158579289645
1137,0.431215607803902
1138,0.4307153576788395
1139,0.4302151075537769
1140,0.4297148574287144
1141,0.4292146073036519
1142,0.4287143571785893
1143,0.4282141070535268
1144,0.4277138569284643
1145,0.4272136068034017
1146,0.4267133566783392
1147,0.4262131065532767
1148,0.4257128564282141
1149,0.4252126063031516
1150,0.4247123561780891
1151,0.4242121060530265
1152,0.423711855927964
1153,0.4232116058029015
1154,0.4227113556778389
1155,0.4222111055527764
1156,0.4217108554277139
1157,0.4212106053026514
1158,0.4207103551775888
1159,0.4202101050525263
1160,0.4197098549274638
1161,0.4192096048024012
1162,0.4187093546773387
1163,0.4182091045522762
1164,0.4177088544272136
1165,0.4172086043021511
1166,0.4167083541770886
1167,0.416208104052026
1168,0.4157078539269635
1169,0.415207603801901
1170,0.4147073536768384
1171,0.4142071035517759
1172,0.41370685342671343
1173,0.4132066033016508
1174,0.4127063531765883
1175,0.41220610305152583
1176,0.4117058529264632
1177,0.4112056028014007
1178,0.41070535267633823
1179,0.41020510255127574
1180,0.40970485242621313
1181,0.40920460230115063
1182,0.40870435217608814
1183,0.40820410205102553
1184,0.40770385192596303
1185,0.40720360180090054
1186,0.40670335167583793
1187,0.40620310155077544
1188,0.40570285142571294
1189,0.40520260130065033
1190,0.40470235117558784
1191,0.40420210105052534
1192,0.40370185092546274
1193,0.40320160080040024
1194,0.40270135067533774
1195,0.40220110055027514
1196,0.40170085042521264
1197,0.40120060030015015
1198,0.40070035017508754
1199,0.40020010005002504
1200,0.39969984992496255
1201,0.39919959979989994
1202,0.39869934967483744
1203,0.39819909954977495
1204,0.39769884942471245
1205,0.39719859929964985
1206,0.39669834917458735
1207,0.39619809904952485
1208,0.39569784892446225
1209,0.39519759879939975
1210,0.39469734867433726
1211,0.39419709854927465
1212,0.39369684842421215
1213,0.39319659829914966
1214,0.39269634817408705
1215,0.39219609804902456
1216,0.39169584792396206
1217,0.39119559779889945
1218,0.39069534767383696
1219,0.39019509754877446
1220,0.38969484742371185
1221,0.38919459729864936
1222,0.38869434717358686
1223,0.38819409704852426
1224,0.38769384692346176
1225,0.38719359679839926
1226,0.38669334667333666
1227,0.38619309654827416
1228,0.38569284642321167
1229,0.38519259629814917
1230,0.38469234617308656
1231,0.38419209604802407
1232,0.38369184592296157
1233,0.38319159579789897
1234,0.38269134567283647
1235,0.382191095547774
1236,0.38169084542271137
1237,0.38119059529764887
1238,0.3806903451725864
1239,0.38019009504752377
1240,0.3796898449224613
1241,0.3791895947973988
1242,0.37868934467233617
1243,0.3781890945472737
1244,0.3776888444222112
1245,0.37718859429714857
1246,0.3766883441720861
1247,0.3761880940470236
1248,0.375687843921961
1249,0.3751875937968985
1250,0.374687343671836
1251,0.3741870935467735
1252,0.3736868434217109
1253,0.3731865932966484
1254,0.3726863431715859
1255,0.3721860930465233
1256,0.3716858429214608
1257,0.3711855927963983
1258,0.3706853426713357
1259,0.3701850925462732
1260,0.3696848424212107
1261,0.3691845922961481
1262,0.3686843421710856
1263,0.3681840920460231
1264,0.3676838419209605
1265,0.367183591795898
1266,0.3666833416708355
1267,0.3661830915457729
1268,0.3656828414207104
1269,0.3651825912956479
1270,0.3646823411705853
1271,0.3641820910455228
1272,0.3636818409204603
1273,0.3631815907953977
1274,0.3626813406703352
1275,0.3621810905452727
1276,0.3616808404202102
1277,0.3611805902951476
1278,0.3606803401700851
1279,0.3601800900450226
1280,0.35967983991996
1281,0.3591795897948975
1282,0.358679339669835
1283,0.3581790895447724
1284,0.3576788394197099
1285,0.3571785892946474
1286,0.3566783391695848
1287,0.3561780890445223
1288,0.3556778389194598
1289,0.3551775887943972
1290,0.3546773386693347
1291,0.3541770885442722
1292,0.3536768384192096
1293,0.3531765882941471
1294,0.3526763381690846
1295,0.352176088044022
1296,0.3516758379189595
1297,0.351175587793897
1298,0.3506753376688345
1299,0.3501750875437719
1300,0.3496748374187094
1301,0.3491745872936469
1302,0.3486743371685843
1303,0.3481740870435218
1304,0.3476738369184593
1305,0.3471735867933967
1306,0.3466733366683342
1307,0.3461730865432717
1308,0.3456728364182091
1309,0.3451725862931466
1310,0.3446723361680841
1311,0.3441720860430215
1312,0.343671835917959
1313,0.3431715857928965
1314,0.3426713356678339
1315,0.3421710855427714
1316,0.34167083541770893
1317,0.3411705852926463
1318,0.3406703351675838
1319,0.34017008504252133
1320,0.3396698349174587
1321,0.33916958479239623
1322,0.33866933466733373
1323,0.33816908454227124
1324,0.33766883441720863
1325,0.33716858429214613
1326,0.33666833416708364
1327,0.33616808404202103
1328,0.33566783391695854
1329,0.33516758379189604
1330,0.33466733366683343
1331,0.33416708354177094
1332,0.33366683341670844
1333,0.33316658329164583
1334,0.33266633316658334
1335,0.33216608304152084
1336,0.33166583291645824
1337,0.33116558279139574
1338,0.33066533266633324
1339,0.33016508254127064
1340,0.32966483241620814
1341,0.32916458229114565
1342,0.32866433216608304
1343,0.32816408204102054
1344,0.32766383191595805
1345,0.32716358179089544
1346,0.32666333166583295
1347,0.32616308154077045
1348,0.32566283141570795
1349,0.32516258129064535
1350,0.32466233116558285
1351,0.32416208104052036
1352,0.32366183091545775
1353,0.32316158079039525
1354,0.32266133066533276
1355,0.32216108054027015
1356,0.32166083041520765
1357,0.32116058029014516
1358,0.32066033016508255
1359,0.32016008004002006
1360,0.31965982991495756
1361,0.31915957978989495
1362,0.31865932966483246
1363,0.31815907953976996
1364,0.31765882941470736
1365,0.31715857928964486
1366,0.31665832916458236
1367,0.31615807903951976
1368,0.31565782891445726
1369,0.31515757878939477
1370,0.31465732866433227
1371,0.31415707853926966
1372,0.31365682841420717
1373,0.31315657828914467
1374,0.31265632816408206
1375,0.31215607803901957
1376,0.3116558279139571
1377,0.31115557778889447
1378,0.31065532766383197
1379,0.3101550775387695
1380,0.30965482741370687
1381,0.30915457728864437
1382,0.3086543271635819
1383,0.30815407703851927
1384,0.3076538269134568
1385,0.3071535767883943
1386,0.30665332666333167
1387,0.3061530765382692
1388,0.3056528264132067
1389,0.3051525762881441
1390,0.3046523261630816
1391,0.3041520760380191
1392,0.3036518259129565
1393,0.303151575787894
1394,0.3026513256628315
1395,0.302151075537769
1396,0.3016508254127064
1397,0.3011505752876439
1398,0.3006503251625814
1399,0.3001500750375188
1400,0.2996498249124563
1401,0.2991495747873938
1402,0.2986493246623312
1403,0.2981490745372687
1404,0.2976488244122062
1405,0.2971485742871436
1406,0.2966483241620811
1407,0.2961480740370186
1408,0.295647823911956
1409,0.2951475737868935
1410,0.294647323661831
1411,0.2941470735367684
1412,0.2936468234117059
1413,0.2931465732866434
1414,0.2926463231615808
1415,0.2921460730365183
1416,0.2916458229114558
1417,0.2911455727863933
1418,0.2906453226613307
1419,0.2901450725362682
1420,0.2896448224112057
1421,0.2891445722861431
1422,0.2886443221610806
1423,0.2881440720360181
1424,0.2876438219109555
1425,0.287143571785893
1426,0.2866433216608305
1427,0.2861430715357679
1428,0.2856428214107054
1429,0.2851425712856429
1430,0.2846423211605803
1431,0.2841420710355178
1432,0.2836418209104553
1433,0.2831415707853927
1434,0.2826413206603302
1435,0.2821410705352677
1436,0.2816408204102051
1437,0.2811405702851426
1438,0.2806403201600801
1439,0.2801400700350175
1440,0.279639819909955
1441,0.2791395697848925
1442,0.27863931965983
1443,0.2781390695347674
1444,0.2776388194097049
1445,0.2771385692846424
1446,0.2766383191595798
1447,0.2761380690345173
1448,0.2756378189094548
1449,0.2751375687843922
1450,0.2746373186593297
1451,0.2741370685342672
1452,0.2736368184092046
1453,0.2731365682841421
1454,0.2726363181590796
1455,0.272136068034017
1456,0.2716358179089545
1457,0.27113556778389203
1458,0.2706353176588294
1459,0.2701350675337669
1460,0.26963481740870443
1461,0.2691345672836418
1462,0.2686343171585793
1463,0.26813406703351683
1464,0.2676338169084542
1465,0.26713356678339173
1466,0.26663331665832923
1467,0.26613306653326674
1468,0.26563281640820413
1469,0.26513256628314164
1470,0.26463231615807914
1471,0.26413206603301653
1472,0.26363181590795404
1473,0.26313156578289154
1474,0.26263131565782893
1475,0.26213106553276644
1476,0.26163081540770394
1477,0.26113056528264134
1478,0.26063031515757884
1479,0.26013006503251634
1480,0.25962981490745374
1481,0.25912956478239124
1482,0.25862931465732875
1483,0.25812906453226614
1484,0.25762881440720364
1485,0.25712856428214115
1486,0.25662831415707854
1487,0.25612806403201605
1488,0.25562781390695355
1489,0.25512756378189105
1490,0.25462731365682845
1491,0.25412706353176595
1492,0.25362681340670346
1493,0.25312656328164085
1494,0.25262631315657835
1495,0.25212606303151586
1496,0.25162581290645325
1497,0.25112556278139075
1498,0.25062531265632826
1499,0.25012506253126565
1500,0.24962481240620316
1501,0.24912456228114066
1502,0.24862431215607805
1503,0.24812406203101556
1504,0.24762381190595306
1505,0.24712356178089045
1506,0.24662331165582796
1507,0.24612306153076546
1508,0.24562281140570286
1509,0.24512256128064036
1510,0.24462231115557787
1511,0.24412206103051526
1512,0.24362181090545276
1513,0.24312156078039027
1514,0.24262131065532777
1515,0.24212106053026516
1516,0.24162081040520267
1517,0.24112056028014017
1518,0.24062031015507757
1519,0.24012006003001507
1520,0.23961980990495257
1521,0.23911955977988997
1522,0.23861930965482747
1523,0.23811905952976498
1524,0.23761880940470237
1525,0.23711855927963987
1526,0.23661830915457738
1527,0.23611805902951477
1528,0.23561780890445227
1529,0.23511755877938978
1530,0.23461730865432717
1531,0.23411705852926468
1532,0.23361680840420218
1533,0.23311655827913957
1534,0.23261630815407708
1535,0.23211605802901458
1536,0.2316158079039521
1537,0.23111555777888948
1538,0.23061530765382698
1539,0.2301150575287645
1540,0.22961480740370188
1541,0.22911455727863939
1542,0.2286143071535769
1543,0.22811405702851428
1544,0.2276138069034518
1545,0.2271135567783893
1546,0.22661330665332668
1547,0.2261130565282642
1548,0.2256128064032017
1549,0.2251125562781391
1550,0.2246123061530766
1551,0.2241120560280141
1552,0.2236118059029515
1553,0.223111555777889
1554,0.2226113056528265
1555,0.2221110555277639
1556,0.2216108054027014
1557,0.2211105552776389
1558,0.2206103051525763
1559,0.2201100550275138
1560,0.2196098049024513
1561,0.2191095547773888
1562,0.2186093046523262
1563,0.2181090545272637
1564,0.2176088044022012
1565,0.2171085542771386
1566,0.2166083041520761
1567,0.2161080540270136
1568,0.215607803901951
1569,0.2151075537768885
1570,0.214607303651826
1571,0.2141070535267634
1572,0.2136068034017009
1573,0.2131065532766384
1574,0.2126063031515758
1575,0.2121060530265133
1576,0.2116058029014508
1577,0.2111055527763882
1578,0.2106053026513257
1579,0.21010505252626321
1580,0.2096048024012006
1581,0.2091045522761381
1582,0.20860430215107562
1583,0.208104052026013
1584,0.2076038019009505
1585,0.20710355177588802
1586,0.20660330165082552
1587,0.20610305152576291
1588,0.20560280140070042
1589,0.20510255127563792
1590,0.20460230115057532
1591,0.20410205102551282
1592,0.20360180090045032
1593,0.20310155077538772
1594,0.20260130065032522
1595,0.20210105052526273
1596,0.20160080040020012
1597,0.20110055027513762
1598,0.20060030015007513
1599,0.20010005002501252
1600,0.19959979989995003
1601,0.19909954977488753
1602,0.19859929964982492
1603,0.19809904952476243
1604,0.19759879939969993
1605,0.19709854927463732
1606,0.19659829914957483
1607,0.19609804902451233
1608,0.19559779889944984
1609,0.19509754877438723
1610,0.19459729864932473
1611,0.19409704852426224
1612,0.19359679839919963
1613,0.19309654827413714
1614,0.19259629814907464
1615,0.19209604802401203
1616,0.19159579789894954
1617,0.19109554777388704
1618,0.19059529764882444
1619,0.19009504752376194
1620,0.18959479739869944
1621,0.18909454727363684
1622,0.18859429714857434
1623,0.18809404702351185
1624,0.18759379689844924
1625,0.18709354677338674
1626,0.18659329664832425
1627,0.18609304652326164
1628,0.18559279639819914
1629,0.18509254627313665
1630,0.18459229614807404
1631,0.18409204602301155
1632,0.18359179589794905
1633,0.18309154577288655
1634,0.18259129564782395
1635,0.18209104552276145
1636,0.18159079539769896
1637,0.18109054527263635
1638,0.18059029514757385
1639,0.18009004502251136
1640,0.17958979489744875
1641,0.17908954477238626
1642,0.17858929464732376
1643,0.17808904452226115
1644,0.17758879439719866
1645,0.17708854427213616
1646,0.17658829414707355
1647,0.17608804402201106
1648,0.17558779389694856
1649,0.17508754377188596
1650,0.17458729364682346
1651,0.17408704352176096
1652,0.17358679339669836
1653,0.17308654327163586
1654,0.17258629314657337
1655,0.17208604302151076
1656,0.17158579289644826
1657,0.17108554277138577
1658,0.17058529264632327
1659,0.17008504252126067
1660,0.16958479239619817
1661,0.16908454227113567
1662,0.16858429214607307
1663,0.16808404202101057
1664,0.16758379189594808
1665,0.16708354177088547
1666,0.16658329164582297
1667,0.16608304152076048
1668,0.16558279139569787
1669,0.16508254127063537
1670,0.16458229114557288
1671,0.16408204102051027
1672,0.16358179089544778
1673,0.16308154077038528
1674,0.16258129064532267
1675,0.16208104052026018
1676,0.16158079039519768
1677,0.16108054027013508
1678,0.16058029014507258
1679,0.16008004002001008
1680,0.1595797898949476
1681,0.15907953976988498
1682,0.15857928964482249
1683,0.15807903951976
1684,0.15757878939469738
1685,0.1570785392696349
1686,0.1565782891445724
1687,0.15607803901950978
1688,0.1555777888944473
1689,0.1550775387693848
1690,0.15457728864432219
1691,0.1540770385192597
1692,0.1535767883941972
1693,0.1530765382691346
1694,0.1525762881440721
1695,0.1520760380190096
1696,0.151575787893947
1697,0.1510755377688845
1698,0.150575287643822
1699,0.1500750375187594
1700,0.1495747873936969
1701,0.1490745372686344
1702,0.1485742871435718
1703,0.1480740370185093
1704,0.1475737868934468
1705,0.1470735367683843
1706,0.1465732866433217
1707,0.1460730365182592
1708,0.1455727863931967
1709,0.1450725362681341
1710,0.1445722861430716
1711,0.1440720360180091
1712,0.1435717858929465
1713,0.143071535767884
1714,0.1425712856428215
1715,0.1420710355177589
1716,0.1415707853926964
1717,0.1410705352676339
1718,0.1405702851425713
1719,0.1400700350175088
1720,0.1395697848924463
1721,0.1390695347673837
1722,0.1385692846423212
1723,0.13806903451725872
1724,0.1375687843921961
1725,0.1370685342671336
1726,0.13656828414207112
1727,0.13606803401700862
1728,0.13556778389194601
1729,0.13506753376688352
1730,0.13456728364182102
1731,0.13406703351675842
1732,0.13356678339169592
1733,0.13306653326663342
1734,0.13256628314157082
1735,0.13206603301650832
1736,0.13156578289144583
1737,0.13106553276638322
1738,0.13056528264132072
1739,0.13006503251625823
1740,0.12956478239119562
1741,0.12906453226613313
1742,0.12856428214107063
1743,0.12806403201600802
1744,0.12756378189094553
1745,0.12706353176588303
1746,0.12656328164082042
1747,0.12606303151575793
1748,0.12556278139069543
1749,0.12506253126563283
1750,0.12456228114057033
1751,0.12406203101550783
1752,0.12356178089044534
1753,0.12306153076538273
1754,0.12256128064032024
1755,0.12206103051525774
1756,0.12156078039019513
1757,0.12106053026513264
1758,0.12056028014007014
1759,0.12006003001500754
1760,0.11955977988994504
1761,0.11905952976488254
1762,0.11855927963981994
1763,0.11805902951475744
1764,0.11755877938969495
1765,0.11705852926463234
1766,0.11655827913956984
1767,0.11605802901450735
1768,0.11555777888944474
1769,0.11505752876438224
1770,0.11455727863931975
1771,0.11405702851425714
1772,0.11355677838919465
1773,0.11305652826413215
1774,0.11255627813906954
1775,0.11205602801400705
1776,0.11155577788894455
1777,0.11105552776388206
1778,0.11055527763881945
1779,0.11005502751375695
1780,0.10955477738869446
1781,0.10905452726363185
1782,0.10855427713856936
1783,0.10805402701350686
1784,0.10755377688844425
1785,0.10705352676338176
1786,0.10655327663831926
1787,0.10605302651325665
1788,0.10555277638819416
1789,0.10505252626313166
1790,0.10455227613806906
1791,0.10405202601300656
1792,0.10355177588794406
1793,0.10305152576288146
1794,0.10255127563781896
1795,0.10205102551275647
1796,0.10155077538769386
1797,0.10105052526263136
1798,0.10055027513756887
1799,0.10005002501250637
1800,0.09954977488744376
1801,0.09904952476238127
1802,0.09854927463731877
1803,0.09804902451225617
1804,0.09754877438719367
1805,0.09704852426213117
1806,0.09654827413706857
1807,0.09604802401200607
1808,0.09554777388694358
1809,0.09504752376188097
1810,0.09454727363681847
1811,0.09404702351175598
1812,0.09354677338669337
1813,0.09304652326163088
1814,0.09254627313656838
1815,0.09204602301150577
1816,0.09154577288644328
1817,0.09104552276138078
1818,0.09054527263631817
1819,0.09004502251125568
1820,0.08954477238619318
1821,0.08904452226113058
1822,0.08854427213606808
1823,0.08804402201100558
1824,0.08754377188594309
1825,0.08704352176088048
1826,0.08654327163581799
1827,0.08604302151075549
1828,0.08554277138569288
1829,0.08504252126063039
1830,0.08454227113556789
1831,0.08404202101050529
1832,0.08354177088544279
1833,0.0830415207603803
1834,0.08254127063531769
1835,0.08204102051025519
1836,0.0815407703851927
1837,0.08104052026013009
1838,0.0805402701350676
1839,0.0800400200100051
1840,0.07953976988494249
1841,0.07903951975988
1842,0.0785392696348175
1843,0.07803901950975489
1844,0.0775387693846924
1845,0.0770385192596299
1846,0.0765382691345674
1847,0.0760380190095048
1848,0.0755377688844423
1849,0.0750375187593798
1850,0.0745372686343172
1851,0.0740370185092547
1852,0.07353676838419221
1853,0.0730365182591296
1854,0.0725362681340671
1855,0.07203601800900461
1856,0.071535767883942
1857,0.07103551775887951
1858,0.07053526763381701
1859,0.0700350175087544
1860,0.06953476738369191
1861,0.06903451725862941
1862,0.0685342671335668
1863,0.06803401700850431
1864,0.06753376688344181
1865,0.06703351675837921
1866,0.06653326663331671
1867,0.06603301650825422
1868,0.06553276638319161
1869,0.06503251625812911
1870,0.06453226613306662
1871,0.06403201600800412
1872,0.06353176588294152
1873,0.06303151575787902
1874,0.06253126563281652
1875,0.06203101550775392
1876,0.06153076538269142
1877,0.061030515257628926
1878,0.06053026513256632
1879,0.06003001500750382
1880,0.05952976488244133
1881,0.05902951475737872
1882,0.058529264632316225
1883,0.05802901450725373
1884,0.05752876438219112
1885,0.057028514257128626
1886,0.05652826413206613
1887,0.056028014007003524
1888,0.05552776388194103
1889,0.05502751375687853
1890,0.054527263631815925
1891,0.05402701350675343
1892,0.053526763381690934
1893,0.05302651325662833
1894,0.05252626313156583
1895,0.052026013006503335
1896,0.05152576288144084
1897,0.05102551275637823
1898,0.05052526263131574
1899,0.05002501250625324
1900,0.049524762381190635
1901,0.04902451225612814
1902,0.04852426213106564
1903,0.048024012006003036
1904,0.04752376188094054
1905,0.047023511755878045
1906,0.04652326163081544
1907,0.04602301150575294
1908,0.045522761380690446
1909,0.04502251125562784
1910,0.044522261130565344
1911,0.04402201100550285
1912,0.04352176088044024
1913,0.043021510755377745
1914,0.04252126063031525
1915,0.04202101050525264
1916,0.04152076038019015
1917,0.04102051025512765
1918,0.040520260130065155
1919,0.04002001000500255
1920,0.03951975987994005
1921,0.03901950975487756
1922,0.03851925962981495
1923,0.038019009504752455
1924,0.03751875937968996
1925,0.03701850925462735
1926,0.036518259129564856
1927,0.03601800900450236
1928,0.035517758879439754
1929,0.03501750875437726
1930,0.03451725862931476
1931,0.034017008504252155
1932,0.03351675837918966
1933,0.033016508254127164
1934,0.03251625812906456
1935,0.03201600800400206
1936,0.031515757878939565
1937,0.03101550775387696
1938,0.030515257628814463
1939,0.030015007503751967
1940,0.02951475737868936
1941,0.029014507253626864
1942,0.02851425712856437
1943,0.028014007003501873
1944,0.027513756878439266
1945,0.02701350675337677
1946,0.026513256628314275
1947,0.026013006503251668
1948,0.025512756378189172
1949,0.025012506253126676
1950,0.02451225612806407
1951,0.024012006003001574
1952,0.023511755877939078
1953,0.02301150575287647
1954,0.022511255627813975
1955,0.02201100550275148
1956,0.021510755377688873
1957,0.021010505252626377
1958,0.02051025512756388
1959,0.020010005002501274
1960,0.01950975487743878
1961,0.019009504752376283
1962,0.018509254627313676
1963,0.01800900450225118
1964,0.017508754377188684
1965,0.01700850425212619
1966,0.016508254127063582
1967,0.016008004002001086
1968,0.01550775387693859
1969,0.015007503751875984
1970,0.014507253626813488
1971,0.014007003501750992
1972,0.013506753376688385
1973,0.01300650325162589
1974,0.012506253126563394
1975,0.012006003001500787
1976,0.011505752876438291
1977,0.011005502751375795
1978,0.010505252626313188
1979,0.010005002501250693
1980,0.009504752376188197
1981,0.00900450225112559
1982,0.008504252126063094
1983,0.008004002001000599
1984,0.007503751875937992
1985,0.007003501750875496
1986,0.006503251625813
1987,0.006003001500750393
1988,0.005502751375687898
1989,0.005002501250625402
1990,0.004502251125562906
1991,0.004002001000500299
1992,0.0035017508754378035
1993,0.0030015007503753077
1994,0.002501250625312701
1995,0.002001000500250205
1996,0.0015007503751877094
1997,0.0010005002501251026
1998,0.0005002501250626068
1999,0.0
