time_days,depth_mm
0,0.0
1,0.0006851192107426692
2,0.0013702384214853384
3,0.0020553576322280076
4,0.0027404768429706767
5,0.0034255960537133458
6,0.004110715264456015
7,0.004795834475198684
8,0.005480953685941353
9,0.006166072896684023
10,0.0068511921074266915
11,0.007536311318169361
12,0.00822143052891203
13,0.0089065497396547
14,0.009591668950397368
15,0.010276788161140037
16,0.010961907371882707
17,0.011647026582625376
18,0.012332145793368046
19,0.013017265004110714
20,0.013702384214853383
21,0.014387503425596053
22,0.015072622636338722
23,0.01575774184708139
24,0.01644286105782406
25,0.01712798026856673
26,0.0178130994793094
27,0.018498218690052068
28,0.019183337900794736
29,0.019868457111537407
30,0.020553576322280075
31,0.021238695533022746
32,0.021923814743765414
33,0.02260893395450808
34,0.023294053165250753
35,0.02397917237599342
36,0.02466429158673609
37,0.02534941079747876
38,0.026034530008221427
39,0.0267196492189641
40,0.027404768429706766
41,0.028089887640449437
42,0.028775006851192105
43,0.029460126061934773
44,0.030145245272677444
45,0.030830364483420112
46,0.03151548369416278
47,0.03220060290490545
48,0.03288572211564812
49,0.033570841326390786
50,0.03425596053713346
51,0.03494107974787613
52,0.0356261989586188
53,0.036311318169361465
54,0.036996437380104136
55,0.03768155659084681
56,0.03836667580158947
57,0.03905179501233214
58,0.039736914223074814
59,0.04042203343381748
60,0.04110715264456015
61,0.04179227185530282
62,0.04247739106604549
63,0.043162510276788156
64,0.04384762948753083
65,0.0445327486982735
66,0.04521786790901616
67,0.045902987119758834
68,0.046588106330501505
69,0.047273225541244177
70,0.04795834475198684
71,0.04864346396272951
72,0.04932858317347218
73,0.05001370238421485
74,0.05069882159495752
75,0.05138394080570019
76,0.052069060016442854
77,0.052754179227185526
78,0.0534392984379282
79,0.05412441764867087
80,0.05480953685941353
81,0.055494656070156204
82,0.056179775280898875
83,0.05686489449164154
84,0.05755001370238421
85,0.05823513291312688
86,0.058920252123869546
87,0.05960537133461222
88,0.06029049054535489
89,0.06097560975609756
90,0.061660728966840224
91,0.062345848177582895
92,0.06303096738832556
93,0.06371608659906823
94,0.0644012058098109
95,0.06508632502055357
96,0.06577144423129624
97,0.06645656344203892
98,0.06714168265278157
99,0.06782680186352424
100,0.06851192107426692
101,0.06919704028500959
102,0.06988215949575226
103,0.07056727870649493
104,0.0712523979172376
105,0.07193751712798026
106,0.07262263633872293
107,0.0733077555494656
108,0.07399287476020827
109,0.07467799397095094
110,0.07536311318169361
111,0.07604823239243629
112,0.07673335160317894
113,0.07741847081392161
114,0.07810359002466429
115,0.07878870923540696
116,0.07947382844614963
117,0.0801589476568923
118,0.08084406686763496
119,0.08152918607837763
120,0.0822143052891203
121,0.08289942449986297
122,0.08358454371060564
123,0.08426966292134831
124,0.08495478213209098
125,0.08563990134283364
126,0.08632502055357631
127,0.08701013976431898
128,0.08769525897506165
129,0.08838037818580433
130,0.089065497396547
131,0.08975061660728967
132,0.09043573581803233
133,0.091120855028775
134,0.09180597423951767
135,0.09249109345026034
136,0.09317621266100301
137,0.09386133187174568
138,0.09454645108248835
139,0.09523157029323101
140,0.09591668950397368
141,0.09660180871471635
142,0.09728692792545902
143,0.0979720471362017
144,0.09865716634694437
145,0.09934228555768702
146,0.1000274047684297
147,0.10071252397917237
148,0.10139764318991504
149,0.10208276240065771
150,0.10276788161140038
151,0.10345300082214305
152,0.10413812003288571
153,0.10482323924362838
154,0.10550835845437105
155,0.10619347766511372
156,0.1068785968758564
157,0.10756371608659906
158,0.10824883529734174
159,0.1089339545080844
160,0.10961907371882706
161,0.11030419292956974
162,0.11098931214031241
163,0.11167443135105508
164,0.11235955056179775
165,0.11304466977254042
166,0.11372978898328308
167,0.11441490819402575
168,0.11510002740476842
169,0.11578514661551109
170,0.11647026582625376
171,0.11715538503699643
172,0.11784050424773909
173,0.11852562345848176
174,0.11921074266922443
175,0.1198958618799671
176,0.12058098109070978
177,0.12126610030145245
178,0.12195121951219512
179,0.12263633872293778
180,0.12332145793368045
181,0.12400657714442312
182,0.12469169635516579
183,0.12537681556590846
184,0.12606193477665112
185,0.1267470539873938
186,0.12743217319813646
187,0.12811729240887915
188,0.1288024116196218
189,0.12948753083036446
190,0.13017265004110715
191,0.1308577692518498
192,0.1315428884625925
193,0.13222800767333515
194,0.13291312688407783
195,0.1335982460948205
196,0.13428336530556315
197,0.13496848451630583
198,0.1356536037270485
199,0.13633872293779117
200,0.13702384214853383
201,0.13770896135927652
202,0.13839408057001917
203,0.13907919978076183
204,0.13976431899150452
205,0.14044943820224717
206,0.14113455741298986
207,0.14181967662373252
208,0.1425047958344752
209,0.14318991504521786
210,0.14387503425596052
211,0.1445601534667032
212,0.14524527267744586
213,0.14593039188818854
214,0.1466155110989312
215,0.14730063030967389
216,0.14798574952041654
217,0.1486708687311592
218,0.14935598794190189
219,0.15004110715264454
220,0.15072622636338723
221,0.15141134557412989
222,0.15209646478487257
223,0.15278158399561523
224,0.15346670320635789
225,0.15415182241710057
226,0.15483694162784323
227,0.1555220608385859
228,0.15620718004932857
229,0.15689229926007126
230,0.1575774184708139
231,0.15826253768155657
232,0.15894765689229925
233,0.1596327761030419
234,0.1603178953137846
235,0.16100301452452725
236,0.1616881337352699
237,0.1623732529460126
238,0.16305837215675525
239,0.16374349136749794
240,0.1644286105782406
241,0.16511372978898328
242,0.16579884899972594
243,0.1664839682104686
244,0.16716908742121128
245,0.16785420663195394
246,0.16853932584269662
247,0.16922444505343928
248,0.16990956426418197
249,0.17059468347492462
250,0.17127980268566728
251,0.17196492189640997
252,0.17265004110715262
253,0.1733351603178953
254,0.17402027952863797
255,0.17470539873938065
256,0.1753905179501233
257,0.17607563716086597
258,0.17676075637160865
259,0.1774458755823513
260,0.178130994793094
261,0.17881611400383665
262,0.17950123321457934
263,0.180186352425322
264,0.18087147163606465
265,0.18155659084680734
266,0.18224171005755
267,0.18292682926829268
268,0.18361194847903534
269,0.18429706768977802
270,0.18498218690052068
271,0.18566730611126334
272,0.18635242532200602
273,0.18703754453274868
274,0.18772266374349136
275,0.18840778295423402
276,0.1890929021649767
277,0.18977802137571936
278,0.19046314058646202
279,0.1911482597972047
280,0.19183337900794736
281,0.19251849821869005
282,0.1932036174294327
283,0.19388873664017536
284,0.19457385585091805
285,0.1952589750616607
286,0.1959440942724034
287,0.19662921348314605
288,0.19731433269388873
289,0.1979994519046314
290,0.19868457111537405
291,0.19936969032611673
292,0.2000548095368594
293,0.20073992874760208
294,0.20142504795834473
295,0.20211016716908742
296,0.20279528637983008
297,0.20348040559057273
298,0.20416552480131542
299,0.20485064401205808
300,0.20553576322280076
301,0.20622088243354342
302,0.2069060016442861
303,0.20759112085502876
304,0.20827624006577142
305,0.2089613592765141
306,0.20964647848725676
307,0.21033159769799945
308,0.2110167169087421
309,0.2117018361194848
310,0.21238695533022744
311,0.2130720745409701
312,0.2137571937517128
313,0.21444231296245544
314,0.21512743217319813
315,0.2158125513839408
316,0.21649767059468347
317,0.21718278980542613
318,0.2178679090161688
319,0.21855302822691147
320,0.21923814743765413
321,0.21992326664839681
322,0.22060838585913947
323,0.22129350506988216
324,0.22197862428062481
325,0.22266374349136747
326,0.22334886270211016
327,0.22403398191285281
328,0.2247191011235955
329,0.22540422033433816
330,0.22608933954508084
331,0.2267744587558235
332,0.22745957796656616
333,0.22814469717730884
334,0.2288298163880515
335,0.22951493559879418
336,0.23020005480953684
337,0.2308851740202795
338,0.23157029323102218
339,0.23225541244176484
340,0.23294053165250753
341,0.23362565086325018
342,0.23431077007399287
343,0.23499588928473553
344,0.23568100849547818
345,0.23636612770622087
346,0.23705124691696353
347,0.2377363661277062
348,0.23842148533844887
349,0.23910660454919155
350,0.2397917237599342
351,0.24047684297067687
352,0.24116196218141955
353,0.2418470813921622
354,0.2425322006029049
355,0.24321731981364755
356,0.24390243902439024
357,0.2445875582351329
358,0.24527267744587555
359,0.24595779665661824
360,0.2466429158673609
361,0.24732803507810358
362,0.24801315428884624
363,0.24869827349958892
364,0.24938339271033158
365,0.25006851192107427
366,0.2507536311318169
367,0.2514387503425596
368,0.25212386955330224
369,0.25280898876404495
370,0.2534941079747876
371,0.25417922718553027
372,0.2548643463962729
373,0.2555494656070156
374,0.2562345848177583
375,0.25691970402850095
376,0.2576048232392436
377,0.25828994244998627
378,0.2589750616607289
379,0.25966018087147164
380,0.2603453000822143
381,0.26103041929295695
382,0.2617155385036996
383,0.2624006577144423
384,0.263085776925185
385,0.26377089613592763
386,0.2644560153466703
387,0.26514113455741295
388,0.26582625376815566
389,0.2665113729788983
390,0.267196492189641
391,0.26788161140038363
392,0.2685667306111263
393,0.269251849821869
394,0.26993696903261166
395,0.2706220882433543
396,0.271307207454097
397,0.2719923266648397
398,0.27267744587558235
399,0.273362565086325
400,0.27404768429706766
401,0.2747328035078103
402,0.27541792271855303
403,0.2761030419292957
404,0.27678816114003835
405,0.277473280350781
406,0.27815839956152366
407,0.2788435187722664
408,0.27952863798300903
409,0.2802137571937517
410,0.28089887640449435
411,0.281583995615237
412,0.2822691148259797
413,0.2829542340367224
414,0.28363935324746503
415,0.2843244724582077
416,0.2850095916689504
417,0.28569471087969306
418,0.2863798300904357
419,0.2870649493011784
420,0.28775006851192103
421,0.28843518772266374
422,0.2891203069334064
423,0.28980542614414906
424,0.2904905453548917
425,0.2911756645656344
426,0.2918607837763771
427,0.29254590298711974
428,0.2932310221978624
429,0.29391614140860506
430,0.29460126061934777
431,0.29528637983009043
432,0.2959714990408331
433,0.29665661825157574
434,0.2973417374623184
435,0.2980268566730611
436,0.29871197588380377
437,0.29939709509454643
438,0.3000822143052891
439,0.30076733351603174
440,0.30145245272677446
441,0.3021375719375171
442,0.30282269114825977
443,0.30350781035900243
444,0.30419292956974514
445,0.3048780487804878
446,0.30556316799123046
447,0.3062482872019731
448,0.30693340641271577
449,0.3076185256234585
450,0.30830364483420114
451,0.3089887640449438
452,0.30967388325568646
453,0.3103590024664291
454,0.3110441216771718
455,0.3117292408879145
456,0.31241436009865714
457,0.3130994793093998
458,0.3137845985201425
459,0.31446971773088517
460,0.3151548369416278
461,0.3158399561523705
462,0.31652507536311314
463,0.31721019457385585
464,0.3178953137845985
465,0.31858043299534117
466,0.3192655522060838
467,0.3199506714168265
468,0.3206357906275692
469,0.32132090983831185
470,0.3220060290490545
471,0.32269114825979717
472,0.3233762674705398
473,0.32406138668128254
474,0.3247465058920252
475,0.32543162510276785
476,0.3261167443135105
477,0.3268018635242532
478,0.3274869827349959
479,0.32817210194573854
480,0.3288572211564812
481,0.32954234036722385
482,0.33022745957796656
483,0.3309125787887092
484,0.3315976979994519
485,0.33228281721019454
486,0.3329679364209372
487,0.3336530556316799
488,0.33433817484242256
489,0.3350232940531652
490,0.3357084132639079
491,0.3363935324746506
492,0.33707865168539325
493,0.3377637708961359
494,0.33844889010687856
495,0.3391340093176212
496,0.33981912852836393
497,0.3405042477391066
498,0.34118936694984925
499,0.3418744861605919
500,0.34255960537133456
501,0.3432447245820773
502,0.34392984379281993
503,0.3446149630035626
504,0.34530008221430525
505,0.34598520142504796
506,0.3466703206357906
507,0.3473554398465333
508,0.34804055905727593
509,0.3487256782680186
510,0.3494107974787613
511,0.35009591668950396
512,0.3507810359002466
513,0.3514661551109893
514,0.35215127432173193
515,0.35283639353247465
516,0.3535215127432173
517,0.35420663195395996
518,0.3548917511647026
519,0.3555768703754453
520,0.356261989586188
521,0.35694710879693065
522,0.3576322280076733
523,0.35831734721841596
524,0.3590024664291587
525,0.35968758563990133
526,0.360372704850644
527,0.36105782406138665
528,0.3617429432721293
529,0.362428062482872
530,0.3631131816936147
531,0.36379830090435733
532,0.3644834201151
533,0.36516853932584264
534,0.36585365853658536
535,0.366538777747328
536,0.3672238969580707
537,0.36790901616881333
538,0.36859413537955604
539,0.3692792545902987
540,0.36996437380104136
541,0.370649493011784
542,0.37133461222252667
543,0.3720197314332694
544,0.37270485064401204
545,0.3733899698547547
546,0.37407508906549736
547,0.37476020827624
548,0.3754453274869827
549,0.3761304466977254
550,0.37681556590846804
551,0.3775006851192107
552,0.3781858043299534
553,0.37887092354069607
554,0.3795560427514387
555,0.3802411619621814
556,0.38092628117292404
557,0.38161140038366675
558,0.3822965195944094
559,0.38298163880515207
560,0.3836667580158947
561,0.3843518772266374
562,0.3850369964373801
563,0.38572211564812275
564,0.3864072348588654
565,0.38709235406960807
566,0.3877774732803507
567,0.38846259249109344
568,0.3891477117018361
569,0.38983283091257875
570,0.3905179501233214
571,0.3912030693340641
572,0.3918881885448068
573,0.39257330775554944
574,0.3932584269662921
575,0.39394354617703475
576,0.39462866538777747
577,0.3953137845985201
578,0.3959989038092628
579,0.39668402302000544
580,0.3973691422307481
581,0.3980542614414908
582,0.39873938065223347
583,0.3994244998629761
584,0.4001096190737188
585,0.4007947382844615
586,0.40147985749520415
587,0.4021649767059468
588,0.40285009591668947
589,0.4035352151274321
590,0.40422033433817484
591,0.4049054535489175
592,0.40559057275966015
593,0.4062756919704028
594,0.40696081118114547
595,0.4076459303918882
596,0.40833104960263084
597,0.4090161688133735
598,0.40970128802411615
599,0.41038640723485886
600,0.4110715264456015
601,0.4117566456563442
602,0.41244176486708684
603,0.4131268840778295
604,0.4138120032885722
605,0.41449712249931486
606,0.4151822417100575
607,0.4158673609208002
608,0.41655248013154283
609,0.41723759934228555
610,0.4179227185530282
611,0.41860783776377086
612,0.4192929569745135
613,0.41997807618525623
614,0.4206631953959989
615,0.42134831460674155
616,0.4220334338174842
617,0.42271855302822686
618,0.4234036722389696
619,0.42408879144971223
620,0.4247739106604549
621,0.42545902987119755
622,0.4261441490819402
623,0.4268292682926829
624,0.4275143875034256
625,0.42819950671416823
626,0.4288846259249109
627,0.42956974513565355
628,0.43025486434639626
629,0.4309399835571389
630,0.4316251027678816
631,0.43231022197862423
632,0.43299534118936694
633,0.4336804604001096
634,0.43436557961085226
635,0.4350506988215949
636,0.4357358180323376
637,0.4364209372430803
638,0.43710605645382294
639,0.4377911756645656
640,0.43847629487530826
641,0.4391614140860509
642,0.43984653329679363
643,0.4405316525075363
644,0.44121677171827894
645,0.4419018909290216
646,0.4425870101397643
647,0.44327212935050697
648,0.44395724856124963
649,0.4446423677719923
650,0.44532748698273494
651,0.44601260619347766
652,0.4466977254042203
653,0.44738284461496297
654,0.44806796382570563
655,0.4487530830364483
656,0.449438202247191
657,0.45012332145793366
658,0.4508084406686763
659,0.45149355987941897
660,0.4521786790901617
661,0.45286379830090434
662,0.453548917511647
663,0.45423403672238966
664,0.4549191559331323
665,0.455604275143875
666,0.4562893943546177
667,0.45697451356536034
668,0.457659632776103
669,0.45834475198684566
670,0.45902987119758837
671,0.459714990408331
672,0.4604001096190737
673,0.46108522882981634
674,0.461770348040559
675,0.4624554672513017
676,0.46314058646204437
677,0.463825705672787
678,0.4645108248835297
679,0.4651959440942724
680,0.46588106330501505
681,0.4665661825157577
682,0.46725130172650037
683,0.467936420937243
684,0.46862154014798574
685,0.4693066593587284
686,0.46999177856947105
687,0.4706768977802137
688,0.47136201699095637
689,0.4720471362016991
690,0.47273225541244174
691,0.4734173746231844
692,0.47410249383392705
693,0.47478761304466977
694,0.4754727322554124
695,0.4761578514661551
696,0.47684297067689774
697,0.4775280898876404
698,0.4782132090983831
699,0.47889832830912576
700,0.4795834475198684
701,0.4802685667306111
702,0.48095368594135374
703,0.48163880515209645
704,0.4823239243628391
705,0.48300904357358176
706,0.4836941627843244
707,0.48437928199506713
708,0.4850644012058098
709,0.48574952041655245
710,0.4864346396272951
711,0.48711975883803776
712,0.4878048780487805
713,0.48848999725952313
714,0.4891751164702658
715,0.48986023568100845
716,0.4905453548917511
717,0.4912304741024938
718,0.4919155933132365
719,0.49260071252397913
720,0.4932858317347218
721,0.49397095094546445
722,0.49465607015620716
723,0.4953411893669498
724,0.4960263085776925
725,0.49671142778843513
726,0.49739654699917785
727,0.4980816662099205
728,0.49876678542066316
729,0.4994519046314058
730,0.5001370238421485
731,0.5008221430528912
732,0.5015072622636338
733,0.5021923814743765
734,0.5028775006851192
735,0.5035626198958618
736,0.5042477391066045
737,0.5049328583173471
738,0.5056179775280899
739,0.5063030967388326
740,0.5069882159495752
741,0.5076733351603179
742,0.5083584543710605
743,0.5090435735818032
744,0.5097286927925458
745,0.5104138120032885
746,0.5110989312140312
747,0.5117840504247739
748,0.5124691696355166
749,0.5131542888462592
750,0.5138394080570019
751,0.5145245272677446
752,0.5152096464784872
753,0.5158947656892299
754,0.5165798848999725
755,0.5172650041107152
756,0.5179501233214578
757,0.5186352425322006
758,0.5193203617429433
759,0.5200054809536859
760,0.5206906001644286
761,0.5213757193751712
762,0.5220608385859139
763,0.5227459577966566
764,0.5234310770073992
765,0.5241161962181419
766,0.5248013154288846
767,0.5254864346396273
768,0.52617155385037
769,0.5268566730611126
770,0.5275417922718553
771,0.5282269114825979
772,0.5289120306933406
773,0.5295971499040832
774,0.5302822691148259
775,0.5309673883255686
776,0.5316525075363113
777,0.532337626747054
778,0.5330227459577966
779,0.5337078651685393
780,0.534392984379282
781,0.5350781035900246
782,0.5357632228007673
783,0.5364483420115099
784,0.5371334612222526
785,0.5378185804329954
786,0.538503699643738
787,0.5391888188544807
788,0.5398739380652233
789,0.540559057275966
790,0.5412441764867086
791,0.5419292956974513
792,0.542614414908194
793,0.5432995341189366
794,0.5439846533296794
795,0.544669772540422
796,0.5453548917511647
797,0.5460400109619074
798,0.54672513017265
799,0.5474102493833927
800,0.5480953685941353
801,0.548780487804878
802,0.5494656070156206
803,0.5501507262263633
804,0.5508358454371061
805,0.5515209646478487
806,0.5522060838585914
807,0.552891203069334
808,0.5535763222800767
809,0.5542614414908194
810,0.554946560701562
811,0.5556316799123047
812,0.5563167991230473
813,0.5570019183337901
814,0.5576870375445327
815,0.5583721567552754
816,0.5590572759660181
817,0.5597423951767607
818,0.5604275143875034
819,0.561112633598246
820,0.5617977528089887
821,0.5624828720197314
822,0.563167991230474
823,0.5638531104412168
824,0.5645382296519594
825,0.5652233488627021
826,0.5659084680734447
827,0.5665935872841874
828,0.5672787064949301
829,0.5679638257056727
830,0.5686489449164154
831,0.569334064127158
832,0.5700191833379008
833,0.5707043025486435
834,0.5713894217593861
835,0.5720745409701288
836,0.5727596601808714
837,0.5734447793916141
838,0.5741298986023567
839,0.5748150178130994
840,0.5755001370238421
841,0.5761852562345848
842,0.5768703754453275
843,0.5775554946560701
844,0.5782406138668128
845,0.5789257330775555
846,0.5796108522882981
847,0.5802959714990408
848,0.5809810907097834
849,0.5816662099205261
850,0.5823513291312687
851,0.5830364483420115
852,0.5837215675527542
853,0.5844066867634968
854,0.5850918059742395
855,0.5857769251849821
856,0.5864620443957248
857,0.5871471636064675
858,0.5878322828172101
859,0.5885174020279528
860,0.5892025212386955
861,0.5898876404494382
862,0.5905727596601809
863,0.5912578788709235
864,0.5919429980816662
865,0.5926281172924088
866,0.5933132365031515
867,0.5939983557138941
868,0.5946834749246368
869,0.5953685941353796
870,0.5960537133461222
871,0.5967388325568649
872,0.5974239517676075
873,0.5981090709783502
874,0.5987941901890929
875,0.5994793093998355
876,0.6001644286105782
877,0.6008495478213208
878,0.6015346670320635
879,0.6022197862428063
880,0.6029049054535489
881,0.6035900246642916
882,0.6042751438750342
883,0.6049602630857769
884,0.6056453822965195
885,0.6063305015072622
886,0.6070156207180049
887,0.6077007399287475
888,0.6083858591394903
889,0.6090709783502329
890,0.6097560975609756
891,0.6104412167717183
892,0.6111263359824609
893,0.6118114551932036
894,0.6124965744039462
895,0.6131816936146889
896,0.6138668128254315
897,0.6145519320361742
898,0.615237051246917
899,0.6159221704576596
900,0.6166072896684023
901,0.6172924088791449
902,0.6179775280898876
903,0.6186626473006303
904,0.6193477665113729
905,0.6200328857221156
906,0.6207180049328582
907,0.621403124143601
908,0.6220882433543437
909,0.6227733625650863
910,0.623458481775829
911,0.6241436009865716
912,0.6248287201973143
913,0.6255138394080569
914,0.6261989586187996
915,0.6268840778295423
916,0.627569197040285
917,0.6282543162510277
918,0.6289394354617703
919,0.629624554672513
920,0.6303096738832557
921,0.6309947930939983
922,0.631679912304741
923,0.6323650315154836
924,0.6330501507262263
925,0.6337352699369689
926,0.6344203891477117
927,0.6351055083584544
928,0.635790627569197
929,0.6364757467799397
930,0.6371608659906823
931,0.637845985201425
932,0.6385311044121676
933,0.6392162236229103
934,0.639901342833653
935,0.6405864620443957
936,0.6412715812551384
937,0.641956700465881
938,0.6426418196766237
939,0.6433269388873664
940,0.644012058098109
941,0.6446971773088517
942,0.6453822965195943
943,0.646067415730337
944,0.6467525349410796
945,0.6474376541518224
946,0.6481227733625651
947,0.6488078925733077
948,0.6494930117840504
949,0.650178130994793
950,0.6508632502055357
951,0.6515483694162784
952,0.652233488627021
953,0.6529186078377637
954,0.6536037270485064
955,0.6542888462592491
956,0.6549739654699918
957,0.6556590846807344
958,0.6563442038914771
959,0.6570293231022197
960,0.6577144423129624
961,0.658399561523705
962,0.6590846807344477
963,0.6597697999451905
964,0.6604549191559331
965,0.6611400383666758
966,0.6618251575774184
967,0.6625102767881611
968,0.6631953959989038
969,0.6638805152096464
970,0.6645656344203891
971,0.6652507536311317
972,0.6659358728418744
973,0.6666209920526172
974,0.6673061112633598
975,0.6679912304741025
976,0.6686763496848451
977,0.6693614688955878
978,0.6700465881063304
979,0.6707317073170731
980,0.6714168265278158
981,0.6721019457385584
982,0.6727870649493012
983,0.6734721841600438
984,0.6741573033707865
985,0.6748424225815292
986,0.6755275417922718
987,0.6762126610030145
988,0.6768977802137571
989,0.6775828994244998
990,0.6782680186352424
991,0.6789531378459851
992,0.6796382570567279
993,0.6803233762674705
994,0.6810084954782132
995,0.6816936146889558
996,0.6823787338996985
997,0.6830638531104412
998,0.6837489723211838
999,0.6844340915319265
1000,0.6851192107426691
1001,0.6858043299534119
1002,0.6864894491641546
1003,0.6871745683748972
1004,0.6878596875856399
1005,0.6885448067963825
1006,0.6892299260071252
1007,0.6899150452178678
1008,0.6906001644286105
1009,0.6912852836393532
1010,0.6919704028500959
1011,0.6926555220608386
1012,0.6933406412715812
1013,0.6940257604823239
1014,0.6947108796930666
1015,0.6953959989038092
1016,0.6960811181145519
1017,0.6967662373252945
1018,0.6974513565360372
1019,0.6981364757467798
1020,0.6988215949575226
1021,0.6995067141682653
1022,0.7001918333790079
1023,0.7008769525897506
1024,0.7015620718004932
1025,0.7022471910112359
1026,0.7029323102219786
1027,0.7036174294327212
1028,0.7043025486434639
1029,0.7049876678542066
1030,0.7056727870649493
1031,0.706357906275692
1032,0.7070430254864346
1033,0.7077281446971773
1034,0.7084132639079199
1035,0.7090983831186626
1036,0.7097835023294052
1037,0.7104686215401479
1038,0.7111537407508906
1039,0.7118388599616333
1040,0.712523979172376
1041,0.7132090983831186
1042,0.7138942175938613
1043,0.714579336804604
1044,0.7152644560153466
1045,0.7159495752260893
1046,0.7166346944368319
1047,0.7173198136475746
1048,0.7180049328583173
1049,0.71869005206906
1050,0.7193751712798027
1051,0.7200602904905453
1052,0.720745409701288
1053,0.7214305289120306
1054,0.7221156481227733
1055,0.722800767333516
1056,0.7234858865442586
1057,0.7241710057550014
1058,0.724856124965744
1059,0.7255412441764867
1060,0.7262263633872293
1061,0.726911482597972
1062,0.7275966018087147
1063,0.7282817210194573
1064,0.7289668402302
1065,0.7296519594409426
1066,0.7303370786516853
1067,0.7310221978624281
1068,0.7317073170731707
1069,0.7323924362839134
1070,0.733077555494656
1071,0.7337626747053987
1072,0.7344477939161413
1073,0.735132913126884
1074,0.7358180323376267
1075,0.7365031515483693
1076,0.7371882707591121
1077,0.7378733899698547
1078,0.7385585091805974
1079,0.7392436283913401
1080,0.7399287476020827
1081,0.7406138668128254
1082,0.741298986023568
1083,0.7419841052343107
1084,0.7426692244450533
1085,0.743354343655796
1086,0.7440394628665388
1087,0.7447245820772814
1088,0.7454097012880241
1089,0.7460948204987667
1090,0.7467799397095094
1091,0.7474650589202521
1092,0.7481501781309947
1093,0.7488352973417374
1094,0.74952041655248
1095,0.7502055357632228
1096,0.7508906549739655
1097,0.7515757741847081
1098,0.7522608933954508
1099,0.7529460126061934
1100,0.7536311318169361
1101,0.7543162510276787
1102,0.7550013702384214
1103,0.7556864894491641
1104,0.7563716086599068
1105,0.7570567278706495
1106,0.7577418470813921
1107,0.7584269662921348
1108,0.7591120855028775
1109,0.7597972047136201
1110,0.7604823239243628
1111,0.7611674431351054
1112,0.7618525623458481
1113,0.7625376815565907
1114,0.7632228007673335
1115,0.7639079199780762
1116,0.7645930391888188
1117,0.7652781583995615
1118,0.7659632776103041
1119,0.7666483968210468
1120,0.7673335160317895
1121,0.7680186352425321
1122,0.7687037544532748
1123,0.7693888736640175
1124,0.7700739928747602
1125,0.7707591120855029
1126,0.7714442312962455
1127,0.7721293505069882
1128,0.7728144697177308
1129,0.7734995889284735
1130,0.7741847081392161
1131,0.7748698273499588
1132,0.7755549465607015
1133,0.7762400657714442
1134,0.7769251849821869
1135,0.7776103041929295
1136,0.7782954234036722
1137,0.7789805426144149
1138,0.7796656618251575
1139,0.7803507810359002
1140,0.7810359002466428
1141,0.7817210194573855
1142,0.7824061386681282
1143,0.7830912578788709
1144,0.7837763770896136
1145,0.7844614963003562
1146,0.7851466155110989
1147,0.7858317347218415
1148,0.7865168539325842
1149,0.7872019731433268
1150,0.7878870923540695
1151,0.7885722115648123
1152,0.7892573307755549
1153,0.7899424499862976
1154,0.7906275691970402
1155,0.7913126884077829
1156,0.7919978076185256
1157,0.7926829268292682
1158,0.7933680460400109
1159,0.7940531652507535
1160,0.7947382844614962
1161,0.795423403672239
1162,0.7961085228829816
1163,0.7967936420937243
1164,0.7974787613044669
1165,0.7981638805152096
1166,0.7988489997259522
1167,0.7995341189366949
1168,0.8002192381474376
1169,0.8009043573581802
1170,0.801589476568923
1171,0.8022745957796656
1172,0.8029597149904083
1173,0.803644834201151
1174,0.8043299534118936
1175,0.8050150726226363
1176,0.8057001918333789
1177,0.8063853110441216
1178,0.8070704302548642
1179,0.8077555494656069
1180,0.8084406686763497
1181,0.8091257878870923
1182,0.809810907097835
1183,0.8104960263085776
1184,0.8111811455193203
1185,0.811866264730063
1186,0.8125513839408056
1187,0.8132365031515483
1188,0.8139216223622909
1189,0.8146067415730337
1190,0.8152918607837764
1191,0.815976979994519
1192,0.8166620992052617
1193,0.8173472184160043
1194,0.818032337626747
1195,0.8187174568374896
1196,0.8194025760482323
1197,0.820087695258975
1198,0.8207728144697177
1199,0.8214579336804604
1200,0.822143052891203
1201,0.8228281721019457
1202,0.8235132913126884
1203,0.824198410523431
1204,0.8248835297341737
1205,0.8255686489449163
1206,0.826253768155659
1207,0.8269388873664016
1208,0.8276240065771444
1209,0.8283091257878871
1210,0.8289942449986297
1211,0.8296793642093724
1212,0.830364483420115
1213,0.8310496026308577
1214,0.8317347218416004
1215,0.832419841052343
1216,0.8331049602630857
1217,0.8337900794738284
1218,0.8344751986845711
1219,0.8351603178953138
1220,0.8358454371060564
1221,0.8365305563167991
1222,0.8372156755275417
1223,0.8379007947382844
1224,0.838585913949027
1225,0.8392710331597697
1226,0.8399561523705125
1227,0.8406412715812551
1228,0.8413263907919978
1229,0.8420115100027404
1230,0.8426966292134831
1231,0.8433817484242258
1232,0.8440668676349684
1233,0.8447519868457111
1234,0.8454371060564537
1235,0.8461222252671964
1236,0.8468073444779392
1237,0.8474924636886818
1238,0.8481775828994245
1239,0.8488627021101671
1240,0.8495478213209098
1241,0.8502329405316524
1242,0.8509180597423951
1243,0.8516031789531378
1244,0.8522882981638804
1245,0.8529734173746232
1246,0.8536585365853658
1247,0.8543436557961085
1248,0.8550287750068511
1249,0.8557138942175938
1250,0.8563990134283365
1251,0.8570841326390791
1252,0.8577692518498218
1253,0.8584543710605644
1254,0.8591394902713071
1255,0.8598246094820499
1256,0.8605097286927925
1257,0.8611948479035352
1258,0.8618799671142778
1259,0.8625650863250205
1260,0.8632502055357631
1261,0.8639353247465058
1262,0.8646204439572485
1263,0.8653055631679911
1264,0.8659906823787339
1265,0.8666758015894765
1266,0.8673609208002192
1267,0.8680460400109619
1268,0.8687311592217045
1269,0.8694162784324472
1270,0.8701013976431898
1271,0.8707865168539325
1272,0.8714716360646751
1273,0.8721567552754179
1274,0.8728418744861606
1275,0.8735269936969032
1276,0.8742121129076459
1277,0.8748972321183885
1278,0.8755823513291312
1279,0.8762674705398739
1280,0.8769525897506165
1281,0.8776377089613592
1282,0.8783228281721018
1283,0.8790079473828446
1284,0.8796930665935873
1285,0.8803781858043299
1286,0.8810633050150726
1287,0.8817484242258152
1288,0.8824335434365579
1289,0.8831186626473005
1290,0.8838037818580432
1291,0.8844889010687859
1292,0.8851740202795286
1293,0.8858591394902713
1294,0.8865442587010139
1295,0.8872293779117566
1296,0.8879144971224993
1297,0.8885996163332419
1298,0.8892847355439846
1299,0.8899698547547272
1300,0.8906549739654699
1301,0.8913400931762125
1302,0.8920252123869553
1303,0.892710331597698
1304,0.8933954508084406
1305,0.8940805700191833
1306,0.8947656892299259
1307,0.8954508084406686
1308,0.8961359276514113
1309,0.8968210468621539
1310,0.8975061660728966
1311,0.8981912852836393
1312,0.898876404494382
1313,0.8995615237051247
1314,0.9002466429158673
1315,0.90093176212661
1316,0.9016168813373526
1317,0.9023020005480953
1318,0.9029871197588379
1319,0.9036722389695806
1320,0.9043573581803234
1321,0.905042477391066
1322,0.9057275966018087
1323,0.9064127158125513
1324,0.907097835023294
1325,0.9077829542340367
1326,0.9084680734447793
1327,0.909153192655522
1328,0.9098383118662646
1329,0.9105234310770073
1330,0.91120855028775
1331,0.9118936694984927
1332,0.9125787887092354
1333,0.913263907919978
1334,0.9139490271307207
1335,0.9146341463414633
1336,0.915319265552206
1337,0.9160043847629487
1338,0.9166895039736913
1339,0.9173746231844341
1340,0.9180597423951767
1341,0.9187448616059194
1342,0.919429980816662
1343,0.9201151000274047
1344,0.9208002192381474
1345,0.92148533844889
1346,0.9221704576596327
1347,0.9228555768703753
1348,0.923540696081118
1349,0.9242258152918608
1350,0.9249109345026034
1351,0.9255960537133461
1352,0.9262811729240887
1353,0.9269662921348314
1354,0.927651411345574
1355,0.9283365305563167
1356,0.9290216497670594
1357,0.929706768977802
1358,0.9303918881885448
1359,0.9310770073992874
1360,0.9317621266100301
1361,0.9324472458207728
1362,0.9331323650315154
1363,0.9338174842422581
1364,0.9345026034530007
1365,0.9351877226637434
1366,0.935872841874486
1367,0.9365579610852288
1368,0.9372430802959715
1369,0.9379281995067141
1370,0.9386133187174568
1371,0.9392984379281994
1372,0.9399835571389421
1373,0.9406686763496848
1374,0.9413537955604274
1375,0.9420389147711701
1376,0.9427240339819127
1377,0.9434091531926555
1378,0.9440942724033982
1379,0.9447793916141408
1380,0.9454645108248835
1381,0.9461496300356261
1382,0.9468347492463688
1383,0.9475198684571114
1384,0.9482049876678541
1385,0.9488901068785968
1386,0.9495752260893395
1387,0.9502603453000822
1388,0.9509454645108248
1389,0.9516305837215675
1390,0.9523157029323102
1391,0.9530008221430528
1392,0.9536859413537955
1393,0.9543710605645381
1394,0.9550561797752808
1395,0.9557412989860234
1396,0.9564264181967662
1397,0.9571115374075089
1398,0.9577966566182515
1399,0.9584817758289942
1400,0.9591668950397368
1401,0.9598520142504795
1402,0.9605371334612222
1403,0.9612222526719648
1404,0.9619073718827075
1405,0.9625924910934502
1406,0.9632776103041929
1407,0.9639627295149356
1408,0.9646478487256782
1409,0.9653329679364209
1410,0.9660180871471635
1411,0.9667032063579062
1412,0.9673883255686488
1413,0.9680734447793915
1414,0.9687585639901343
1415,0.9694436832008769
1416,0.9701288024116196
1417,0.9708139216223622
1418,0.9714990408331049
1419,0.9721841600438476
1420,0.9728692792545902
1421,0.9735543984653329
1422,0.9742395176760755
1423,0.9749246368868182
1424,0.975609756097561
1425,0.9762948753083036
1426,0.9769799945190463
1427,0.9776651137297889
1428,0.9783502329405316
1429,0.9790353521512742
1430,0.9797204713620169
1431,0.9804055905727596
1432,0.9810907097835022
1433,0.981775828994245
1434,0.9824609482049876
1435,0.9831460674157303
1436,0.983831186626473
1437,0.9845163058372156
1438,0.9852014250479583
1439,0.9858865442587009
1440,0.9865716634694436
1441,0.9872567826801862
1442,0.9879419018909289
1443,0.9886270211016717
1444,0.9893121403124143
1445,0.989997259523157
1446,0.9906823787338996
1447,0.9913674979446423
1448,0.992052617155385
1449,0.9927377363661276
1450,0.9934228555768703
1451,0.9941079747876129
1452,0.9947930939983557
1453,0.9954782132090984
1454,0.996163332419841
1455,0.9968484516305837
1456,0.9975335708413263
1457,0.998218690052069
1458,0.9989038092628116
1459,0.9995889284735543
1460,1.000274047684297
1461,1.0009591668950397
1462,1.0016442861057824
1463,1.002329405316525
1464,1.0030145245272677
1465,1.0036996437380103
1466,1.004384762948753
1467,1.0050698821594957
1468,1.0057550013702383
1469,1.006440120580981
1470,1.0071252397917236
1471,1.0078103590024663
1472,1.008495478213209
1473,1.0091805974239516
1474,1.0098657166346943
1475,1.0105508358454371
1476,1.0112359550561798
1477,1.0119210742669225
1478,1.0126061934776651
1479,1.0132913126884078
1480,1.0139764318991504
1481,1.014661551109893
1482,1.0153466703206357
1483,1.0160317895313784
1484,1.016716908742121
1485,1.0174020279528637
1486,1.0180871471636064
1487,1.018772266374349
1488,1.0194573855850917
1489,1.0201425047958343
1490,1.020827624006577
1491,1.0215127432173197
1492,1.0221978624280623
1493,1.022882981638805
1494,1.0235681008495479
1495,1.0242532200602905
1496,1.0249383392710332
1497,1.0256234584817758
1498,1.0263085776925185
1499,1.0269936969032611
1500,1.0276788161140038
1501,1.0283639353247465
1502,1.0290490545354891
1503,1.0297341737462318
1504,1.0304192929569744
1505,1.031104412167717
1506,1.0317895313784597
1507,1.0324746505892024
1508,1.033159769799945
1509,1.0338448890106877
1510,1.0345300082214304
1511,1.035215127432173
1512,1.0359002466429157
1513,1.0365853658536586
1514,1.0372704850644012
1515,1.0379556042751439
1516,1.0386407234858865
1517,1.0393258426966292
1518,1.0400109619073719
1519,1.0406960811181145
1520,1.0413812003288572
1521,1.0420663195395998
1522,1.0427514387503425
1523,1.0434365579610851
1524,1.0441216771718278
1525,1.0448067963825705
1526,1.0454919155933131
1527,1.0461770348040558
1528,1.0468621540147984
1529,1.047547273225541
1530,1.0482323924362837
1531,1.0489175116470264
1532,1.0496026308577693
1533,1.050287750068512
1534,1.0509728692792546
1535,1.0516579884899973
1536,1.05234310770074
1537,1.0530282269114826
1538,1.0537133461222252
1539,1.0543984653329679
1540,1.0550835845437105
1541,1.0557687037544532
1542,1.0564538229651959
1543,1.0571389421759385
1544,1.0578240613866812
1545,1.0585091805974238
1546,1.0591942998081665
1547,1.0598794190189091
1548,1.0605645382296518
1549,1.0612496574403945
1550,1.0619347766511371
1551,1.06261989586188
1552,1.0633050150726227
1553,1.0639901342833653
1554,1.064675253494108
1555,1.0653603727048506
1556,1.0660454919155933
1557,1.066730611126336
1558,1.0674157303370786
1559,1.0681008495478213
1560,1.068785968758564
1561,1.0694710879693066
1562,1.0701562071800492
1563,1.0708413263907919
1564,1.0715264456015345
1565,1.0722115648122772
1566,1.0728966840230199
1567,1.0735818032337625
1568,1.0742669224445052
1569,1.074952041655248
1570,1.0756371608659907
1571,1.0763222800767334
1572,1.077007399287476
1573,1.0776925184982187
1574,1.0783776377089613
1575,1.079062756919704
1576,1.0797478761304466
1577,1.0804329953411893
1578,1.081118114551932
1579,1.0818032337626746
1580,1.0824883529734173
1581,1.08317347218416
1582,1.0838585913949026
1583,1.0845437106056453
1584,1.085228829816388
1585,1.0859139490271306
1586,1.0865990682378732
1587,1.0872841874486159
1588,1.0879693066593588
1589,1.0886544258701014
1590,1.089339545080844
1591,1.0900246642915867
1592,1.0907097835023294
1593,1.091394902713072
1594,1.0920800219238147
1595,1.0927651411345574
1596,1.0934502603453
1597,1.0941353795560427
1598,1.0948204987667853
1599,1.095505617977528
1600,1.0961907371882706
1601,1.0968758563990133
1602,1.097560975609756
1603,1.0982460948204986
1604,1.0989312140312413
1605,1.099616333241984
1606,1.1003014524527266
1607,1.1009865716634695
1608,1.1016716908742121
1609,1.1023568100849548
1610,1.1030419292956974
1611,1.10372704850644
1612,1.1044121677171828
1613,1.1050972869279254
1614,1.105782406138668
1615,1.1064675253494107
1616,1.1071526445601534
1617,1.107837763770896
1618,1.1085228829816387
1619,1.1092080021923814
1620,1.109893121403124
1621,1.1105782406138667
1622,1.1112633598246093
1623,1.111948479035352
1624,1.1126335982460946
1625,1.1133187174568373
1626,1.1140038366675802
1627,1.1146889558783228
1628,1.1153740750890655
1629,1.1160591942998082
1630,1.1167443135105508
1631,1.1174294327212935
1632,1.1181145519320361
1633,1.1187996711427788
1634,1.1194847903535214
1635,1.120169909564264
1636,1.1208550287750068
1637,1.1215401479857494
1638,1.122225267196492
1639,1.1229103864072347
1640,1.1235955056179774
1641,1.12428062482872
1642,1.1249657440394627
1643,1.1256508632502054
1644,1.126335982460948
1645,1.127021101671691
1646,1.1277062208824336
1647,1.1283913400931762
1648,1.1290764593039189
1649,1.1297615785146615
1650,1.1304466977254042
1651,1.1311318169361468
1652,1.1318169361468895
1653,1.1325020553576322
1654,1.1331871745683748
1655,1.1338722937791175
1656,1.1345574129898601
1657,1.1352425322006028
1658,1.1359276514113454
1659,1.136612770622088
1660,1.1372978898328308
1661,1.1379830090435734
1662,1.138668128254316
1663,1.139353247465059
1664,1.1400383666758016
1665,1.1407234858865443
1666,1.141408605097287
1667,1.1420937243080296
1668,1.1427788435187722
1669,1.143463962729515
1670,1.1441490819402576
1671,1.1448342011510002
1672,1.1455193203617429
1673,1.1462044395724855
1674,1.1468895587832282
1675,1.1475746779939708
1676,1.1482597972047135
1677,1.1489449164154562
1678,1.1496300356261988
1679,1.1503151548369415
1680,1.1510002740476841
1681,1.1516853932584268
1682,1.1523705124691697
1683,1.1530556316799123
1684,1.153740750890655
1685,1.1544258701013976
1686,1.1551109893121403
1687,1.155796108522883
1688,1.1564812277336256
1689,1.1571663469443683
1690,1.157851466155111
1691,1.1585365853658536
1692,1.1592217045765962
1693,1.159906823787339
1694,1.1605919429980815
1695,1.1612770622088242
1696,1.1619621814195669
1697,1.1626473006303095
1698,1.1633324198410522
1699,1.1640175390517948
1700,1.1647026582625375
1701,1.1653877774732804
1702,1.166072896684023
1703,1.1667580158947657
1704,1.1674431351055083
1705,1.168128254316251
1706,1.1688133735269937
1707,1.1694984927377363
1708,1.170183611948479
1709,1.1708687311592216
1710,1.1715538503699643
1711,1.172238969580707
1712,1.1729240887914496
1713,1.1736092080021923
1714,1.174294327212935
1715,1.1749794464236776
1716,1.1756645656344202
1717,1.176349684845163
1718,1.1770348040559055
1719,1.1777199232666482
1720,1.178405042477391
1721,1.1790901616881337
1722,1.1797752808988764
1723,1.180460400109619
1724,1.1811455193203617
1725,1.1818306385311044
1726,1.182515757741847
1727,1.1832008769525897
1728,1.1838859961633323
1729,1.184571115374075
1730,1.1852562345848177
1731,1.1859413537955603
1732,1.186626473006303
1733,1.1873115922170456
1734,1.1879967114277883
1735,1.188681830638531
1736,1.1893669498492736
1737,1.1900520690600163
1738,1.1907371882707591
1739,1.1914223074815018
1740,1.1921074266922445
1741,1.1927925459029871
1742,1.1934776651137298
1743,1.1941627843244724
1744,1.194847903535215
1745,1.1955330227459577
1746,1.1962181419567004
1747,1.196903261167443
1748,1.1975883803781857
1749,1.1982734995889284
1750,1.198958618799671
1751,1.1996437380104137
1752,1.2003288572211563
1753,1.201013976431899
1754,1.2016990956426417
1755,1.2023842148533843
1756,1.203069334064127
1757,1.2037544532748699
1758,1.2044395724856125
1759,1.2051246916963552
1760,1.2058098109070978
1761,1.2064949301178405
1762,1.2071800493285831
1763,1.2078651685393258
1764,1.2085502877500685
1765,1.209235406960811
1766,1.2099205261715538
1767,1.2106056453822964
1768,1.211290764593039
1769,1.2119758838037817
1770,1.2126610030145244
1771,1.213346122225267
1772,1.2140312414360097
1773,1.2147163606467524
1774,1.215401479857495
1775,1.2160865990682377
1776,1.2167717182789806
1777,1.2174568374897232
1778,1.2181419567004659
1779,1.2188270759112085
1780,1.2195121951219512
1781,1.2201973143326938
1782,1.2208824335434365
1783,1.2215675527541792
1784,1.2222526719649218
1785,1.2229377911756645
1786,1.2236229103864071
1787,1.2243080295971498
1788,1.2249931488078925
1789,1.225678268018635
1790,1.2263633872293778
1791,1.2270485064401204
1792,1.227733625650863
1793,1.2284187448616057
1794,1.2291038640723484
1795,1.2297889832830913
1796,1.230474102493834
1797,1.2311592217045766
1798,1.2318443409153192
1799,1.232529460126062
1800,1.2332145793368046
1801,1.2338996985475472
1802,1.2345848177582899
1803,1.2352699369690325
1804,1.2359550561797752
1805,1.2366401753905178
1806,1.2373252946012605
1807,1.2380104138120032
1808,1.2386955330227458
1809,1.2393806522334885
1810,1.2400657714442311
1811,1.2407508906549738
1812,1.2414360098657164
1813,1.242121129076459
1814,1.242806248287202
1815,1.2434913674979446
1816,1.2441764867086873
1817,1.24486160591943
1818,1.2455467251301726
1819,1.2462318443409153
1820,1.246916963551658
1821,1.2476020827624006
1822,1.2482872019731432
1823,1.248972321183886
1824,1.2496574403946286
1825,1.2503425596053712
1826,1.2510276788161139
1827,1.2517127980268565
1828,1.2523979172375992
1829,1.2530830364483418
1830,1.2537681556590845
1831,1.2544532748698272
1832,1.25513839408057
1833,1.2558235132913127
1834,1.2565086325020554
1835,1.257193751712798
1836,1.2578788709235407
1837,1.2585639901342833
1838,1.259249109345026
1839,1.2599342285557686
1840,1.2606193477665113
1841,1.261304466977254
1842,1.2619895861879966
1843,1.2626747053987393
1844,1.263359824609482
1845,1.2640449438202246
1846,1.2647300630309672
1847,1.26541518224171
1848,1.2661003014524526
1849,1.2667854206631952
1850,1.2674705398739379
1851,1.2681556590846808
1852,1.2688407782954234
1853,1.269525897506166
1854,1.2702110167169087
1855,1.2708961359276514
1856,1.271581255138394
1857,1.2722663743491367
1858,1.2729514935598794
1859,1.273636612770622
1860,1.2743217319813647
1861,1.2750068511921073
1862,1.27569197040285
1863,1.2763770896135926
1864,1.2770622088243353
1865,1.277747328035078
1866,1.2784324472458206
1867,1.2791175664565633
1868,1.279802685667306
1869,1.2804878048780486
1870,1.2811729240887915
1871,1.2818580432995341
1872,1.2825431625102768
1873,1.2832282817210194
1874,1.283913400931762
1875,1.2845985201425048
1876,1.2852836393532474
1877,1.28596875856399
1878,1.2866538777747327
1879,1.2873389969854754
1880,1.288024116196218
1881,1.2887092354069607
1882,1.2893943546177034
1883,1.290079473828446
1884,1.2907645930391887
1885,1.2914497122499313
1886,1.292134831460674
1887,1.2928199506714166
1888,1.2935050698821593
1889,1.2941901890929022
1890,1.2948753083036448
1891,1.2955604275143875
1892,1.2962455467251301
1893,1.2969306659358728
1894,1.2976157851466155
1895,1.2983009043573581
1896,1.2989860235681008
1897,1.2996711427788434
1898,1.300356261989586
1899,1.3010413812003288
1900,1.3017265004110714
1901,1.302411619621814
1902,1.3030967388325567
1903,1.3037818580432994
1904,1.304466977254042
1905,1.3051520964647847
1906,1.3058372156755274
1907,1.30652233488627
1908,1.3072074540970129
1909,1.3078925733077555
1910,1.3085776925184982
1911,1.3092628117292409
1912,1.3099479309399835
1913,1.3106330501507262
1914,1.3113181693614688
1915,1.3120032885722115
1916,1.3126884077829541
1917,1.3133735269936968
1918,1.3140586462044395
1919,1.3147437654151821
1920,1.3154288846259248
1921,1.3161140038366674
1922,1.31679912304741
1923,1.3174842422581527
1924,1.3181693614688954
1925,1.318854480679638
1926,1.319539599890381
1927,1.3202247191011236
1928,1.3209098383118663
1929,1.321594957522609
1930,1.3222800767333516
1931,1.3229651959440942
1932,1.3236503151548369
1933,1.3243354343655795
1934,1.3250205535763222
1935,1.3257056727870649
1936,1.3263907919978075
1937,1.3270759112085502
1938,1.3277610304192928
1939,1.3284461496300355
1940,1.3291312688407781
1941,1.3298163880515208
1942,1.3305015072622635
1943,1.3311866264730061
1944,1.3318717456837488
1945,1.3325568648944917
1946,1.3332419841052343
1947,1.333927103315977
1948,1.3346122225267196
1949,1.3352973417374623
1950,1.335982460948205
1951,1.3366675801589476
1952,1.3373526993696903
1953,1.338037818580433
1954,1.3387229377911756
1955,1.3394080570019182
1956,1.3400931762126609
1957,1.3407782954234035
1958,1.3414634146341462
1959,1.3421485338448889
1960,1.3428336530556315
1961,1.3435187722663742
1962,1.3442038914771168
1963,1.3448890106878595
1964,1.3455741298986024
1965,1.346259249109345
1966,1.3469443683200877
1967,1.3476294875308303
1968,1.348314606741573
1969,1.3489997259523157
1970,1.3496848451630583
1971,1.350369964373801
1972,1.3510550835845436
1973,1.3517402027952863
1974,1.352425322006029
1975,1.3531104412167716
1976,1.3537955604275143
1977,1.354480679638257
1978,1.3551657988489996
1979,1.3558509180597422
1980,1.3565360372704849
1981,1.3572211564812275
1982,1.3579062756919702
1983,1.358591394902713
1984,1.3592765141134557
1985,1.3599616333241984
1986,1.360646752534941
1987,1.3613318717456837
1988,1.3620169909564264
1989,1.362702110167169
1990,1.3633872293779117
1991,1.3640723485886543
1992,1.364757467799397
1993,1.3654425870101397
1994,1.3661277062208823
1995,1.366812825431625
1996,1.3674979446423676
1997,1.3681830638531103
1998,1.368868183063853
1999,1.3695533022745956
2000,1.3702384214853383
2001,1.370923540696081
2002,1.3716086599068238
2003,1.3722937791175664
2004,1.372978898328309
2005,1.3736640175390518
2006,1.3743491367497944
2007,1.375034255960537
2008,1.3757193751712797
2009,1.3764044943820224
2010,1.377089613592765
2011,1.3777747328035077
2012,1.3784598520142504
2013,1.379144971224993
2014,1.3798300904357357
2015,1.3805152096464783
2016,1.381200328857221
2017,1.3818854480679637
2018,1.3825705672787063
2019,1.383255686489449
2020,1.3839408057001918
2021,1.3846259249109345
2022,1.3853110441216772
2023,1.3859961633324198
2024,1.3866812825431625
2025,1.3873664017539051
2026,1.3880515209646478
2027,1.3887366401753904
2028,1.389421759386133
2029,1.3901068785968758
2030,1.3907919978076184
2031,1.391477117018361
2032,1.3921622362291037
2033,1.3928473554398464
2034,1.393532474650589
2035,1.3942175938613317
2036,1.3949027130720744
2037,1.395587832282817
2038,1.3962729514935597
2039,1.3969580707043026
2040,1.3976431899150452
2041,1.3983283091257879
2042,1.3990134283365305
2043,1.3996985475472732
2044,1.4003836667580158
2045,1.4010687859687585
2046,1.4017539051795012
2047,1.4024390243902438
2048,1.4031241436009865
2049,1.4038092628117291
2050,1.4044943820224718
2051,1.4051795012332144
2052,1.405864620443957
2053,1.4065497396546998
2054,1.4072348588654424
2055,1.407919978076185
2056,1.4086050972869277
2057,1.4092902164976704
2058,1.4099753357084133
2059,1.410660454919156
2060,1.4113455741298986
2061,1.4120306933406412
2062,1.412715812551384
2063,1.4134009317621266
2064,1.4140860509728692
2065,1.4147711701836119
2066,1.4154562893943545
2067,1.4161414086050972
2068,1.4168265278158398
2069,1.4175116470265825
2070,1.4181967662373252
2071,1.4188818854480678
2072,1.4195670046588105
2073,1.4202521238695531
2074,1.4209372430802958
2075,1.4216223622910384
2076,1.422307481501781
2077,1.422992600712524
2078,1.4236777199232666
2079,1.4243628391340093
2080,1.425047958344752
2081,1.4257330775554946
2082,1.4264181967662373
2083,1.42710331597698
2084,1.4277884351877226
2085,1.4284735543984652
2086,1.429158673609208
2087,1.4298437928199506
2088,1.4305289120306932
2089,1.4312140312414359
2090,1.4318991504521785
2091,1.4325842696629212
2092,1.4332693888736638
2093,1.4339545080844065
2094,1.4346396272951492
2095,1.435324746505892
2096,1.4360098657166347
2097,1.4366949849273773
2098,1.43738010413812
2099,1.4380652233488627
2100,1.4387503425596053
2101,1.439435461770348
2102,1.4401205809810906
2103,1.4408057001918333
2104,1.441490819402576
2105,1.4421759386133186
2106,1.4428610578240613
2107,1.443546177034804
2108,1.4442312962455466
2109,1.4449164154562892
2110,1.445601534667032
2111,1.4462866538777746
2112,1.4469717730885172
2113,1.4476568922992599
2114,1.4483420115100027
2115,1.4490271307207454
2116,1.449712249931488
2117,1.4503973691422307
2118,1.4510824883529734
2119,1.451767607563716
2120,1.4524527267744587
2121,1.4531378459852013
2122,1.453822965195944
2123,1.4545080844066867
2124,1.4551932036174293
2125,1.455878322828172
2126,1.4565634420389146
2127,1.4572485612496573
2128,1.4579336804604
2129,1.4586187996711426
2130,1.4593039188818853
2131,1.459989038092628
2132,1.4606741573033706
2133,1.4613592765141135
2134,1.4620443957248561
2135,1.4627295149355988
2136,1.4634146341463414
2137,1.464099753357084
2138,1.4647848725678267
2139,1.4654699917785694
2140,1.466155110989312
2141,1.4668402302000547
2142,1.4675253494107974
2143,1.46821046862154
2144,1.4688955878322827
2145,1.4695807070430253
2146,1.470265826253768
2147,1.4709509454645107
2148,1.4716360646752533
2149,1.472321183885996
2150,1.4730063030967386
2151,1.4736914223074813
2152,1.4743765415182242
2153,1.4750616607289668
2154,1.4757467799397095
2155,1.4764318991504521
2156,1.4771170183611948
2157,1.4778021375719375
2158,1.4784872567826801
2159,1.4791723759934228
2160,1.4798574952041654
2161,1.480542614414908
2162,1.4812277336256507
2163,1.4819128528363934
2164,1.482597972047136
2165,1.4832830912578787
2166,1.4839682104686214
2167,1.484653329679364
2168,1.4853384488901067
2169,1.4860235681008493
2170,1.486708687311592
2171,1.4873938065223349
2172,1.4880789257330775
2173,1.4887640449438202
2174,1.4894491641545629
2175,1.4901342833653055
2176,1.4908194025760482
2177,1.4915045217867908
2178,1.4921896409975335
2179,1.4928747602082761
2180,1.4935598794190188
2181,1.4942449986297615
2182,1.4949301178405041
2183,1.4956152370512468
2184,1.4963003562619894
2185,1.496985475472732
2186,1.4976705946834747
2187,1.4983557138942174
2188,1.49904083310496
2189,1.499725952315703
2190,1.5004110715264456
2191,1.5010961907371883
2192,1.501781309947931
2193,1.5024664291586736
2194,1.5031515483694162
2195,1.5038366675801589
2196,1.5045217867909015
2197,1.5052069060016442
2198,1.5058920252123869
2199,1.5065771444231295
2200,1.5072622636338722
2201,1.5079473828446148
2202,1.5086325020553575
2203,1.5093176212661001
2204,1.5100027404768428
2205,1.5106878596875855
2206,1.5113729788983281
2207,1.5120580981090708
2208,1.5127432173198136
2209,1.5134283365305563
2210,1.514113455741299
2211,1.5147985749520416
2212,1.5154836941627843
2213,1.516168813373527
2214,1.5168539325842696
2215,1.5175390517950123
2216,1.518224171005755
2217,1.5189092902164976
2218,1.5195944094272402
2219,1.5202795286379829
2220,1.5209646478487255
2221,1.5216497670594682
2222,1.5223348862702109
2223,1.5230200054809535
2224,1.5237051246916962
2225,1.5243902439024388
2226,1.5250753631131815
2227,1.5257604823239244
2228,1.526445601534667
2229,1.5271307207454097
2230,1.5278158399561523
2231,1.528500959166895
2232,1.5291860783776376
2233,1.5298711975883803
2234,1.530556316799123
2235,1.5312414360098656
2236,1.5319265552206083
2237,1.532611674431351
2238,1.5332967936420936
2239,1.5339819128528362
2240,1.534667032063579
2241,1.5353521512743216
2242,1.5360372704850642
2243,1.5367223896958069
2244,1.5374075089065495
2245,1.5380926281172922
2246,1.538777747328035
2247,1.5394628665387777
2248,1.5401479857495204
2249,1.540833104960263
2250,1.5415182241710057
2251,1.5422033433817484
2252,1.542888462592491
2253,1.5435735818032337
2254,1.5442587010139763
2255,1.544943820224719
2256,1.5456289394354616
2257,1.5463140586462043
2258,1.546999177856947
2259,1.5476842970676896
2260,1.5483694162784323
2261,1.549054535489175
2262,1.5497396546999176
2263,1.5504247739106602
2264,1.551109893121403
2265,1.5517950123321458
2266,1.5524801315428884
2267,1.553165250753631
2268,1.5538503699643738
2269,1.5545354891751164
2270,1.555220608385859
2271,1.5559057275966017
2272,1.5565908468073444
2273,1.557275966018087
2274,1.5579610852288297
2275,1.5586462044395724
2276,1.559331323650315
2277,1.5600164428610577
2278,1.5607015620718003
2279,1.561386681282543
2280,1.5620718004932856
2281,1.5627569197040283
2282,1.563442038914771
2283,1.5641271581255138
2284,1.5648122773362565
2285,1.5654973965469992
2286,1.5661825157577418
2287,1.5668676349684845
2288,1.5675527541792271
2289,1.5682378733899698
2290,1.5689229926007124
2291,1.569608111811455
2292,1.5702932310221978
2293,1.5709783502329404
2294,1.571663469443683
2295,1.5723485886544257
2296,1.5730337078651684
2297,1.573718827075911
2298,1.5744039462866537
2299,1.5750890654973964
2300,1.575774184708139
2301,1.5764593039188817
2302,1.5771444231296246
2303,1.5778295423403672
2304,1.5785146615511099
2305,1.5791997807618525
2306,1.5798848999725952
2307,1.5805700191833378
2308,1.5812551383940805
2309,1.5819402576048232
2310,1.5826253768155658
2311,1.5833104960263085
2312,1.5839956152370511
2313,1.5846807344477938
2314,1.5853658536585364
2315,1.586050972869279
2316,1.5867360920800218
2317,1.5874212112907644
2318,1.588106330501507
2319,1.5887914497122497
2320,1.5894765689229924
2321,1.5901616881337353
2322,1.590846807344478
2323,1.5915319265552206
2324,1.5922170457659632
2325,1.592902164976706
2326,1.5935872841874485
2327,1.5942724033981912
2328,1.5949575226089339
2329,1.5956426418196765
2330,1.5963277610304192
2331,1.5970128802411618
2332,1.5976979994519045
2333,1.5983831186626472
2334,1.5990682378733898
2335,1.5997533570841325
2336,1.6004384762948751
2337,1.6011235955056178
2338,1.6018087147163604
2339,1.602493833927103
2340,1.603178953137846
2341,1.6038640723485886
2342,1.6045491915593313
2343,1.605234310770074
2344,1.6059194299808166
2345,1.6066045491915593
2346,1.607289668402302
2347,1.6079747876130446
2348,1.6086599068237872
2349,1.60934502603453
2350,1.6100301452452725
2351,1.6107152644560152
2352,1.6114003836667579
2353,1.6120855028775005
2354,1.6127706220882432
2355,1.6134557412989858
2356,1.6141408605097285
2357,1.6148259797204711
2358,1.6155110989312138
2359,1.6161962181419567
2360,1.6168813373526993
2361,1.617566456563442
2362,1.6182515757741847
2363,1.6189366949849273
2364,1.61962181419567
2365,1.6203069334064126
2366,1.6209920526171553
2367,1.621677171827898
2368,1.6223622910386406
2369,1.6230474102493833
2370,1.623732529460126
2371,1.6244176486708686
2372,1.6251027678816112
2373,1.625787887092354
2374,1.6264730063030965
2375,1.6271581255138392
2376,1.6278432447245819
2377,1.6285283639353247
2378,1.6292134831460674
2379,1.62989860235681
2380,1.6305837215675527
2381,1.6312688407782954
2382,1.631953959989038
2383,1.6326390791997807
2384,1.6333241984105233
2385,1.634009317621266
2386,1.6346944368320087
2387,1.6353795560427513
2388,1.636064675253494
2389,1.6367497944642366
2390,1.6374349136749793
2391,1.638120032885722
2392,1.6388051520964646
2393,1.6394902713072073
2394,1.64017539051795
2395,1.6408605097286926
2396,1.6415456289394355
2397,1.642230748150178
2398,1.6429158673609208
2399,1.6436009865716634
2400,1.644286105782406
2401,1.6449712249931487
2402,1.6456563442038914
2403,1.646341463414634
2404,1.6470265826253767
2405,1.6477117018361194
2406,1.648396821046862
2407,1.6490819402576047
2408,1.6497670594683473
2409,1.65045217867909
2410,1.6511372978898327
2411,1.6518224171005753
2412,1.652507536311318
2413,1.6531926555220606
2414,1.6538777747328033
2415,1.6545628939435462
2416,1.6552480131542888
2417,1.6559331323650315
2418,1.6566182515757741
2419,1.6573033707865168
2420,1.6579884899972595
2421,1.658673609208002
2422,1.6593587284187448
2423,1.6600438476294874
2424,1.66072896684023
2425,1.6614140860509727
2426,1.6620992052617154
2427,1.662784324472458
2428,1.6634694436832007
2429,1.6641545628939434
2430,1.664839682104686
2431,1.6655248013154287
2432,1.6662099205261713
2433,1.666895039736914
2434,1.6675801589476569
2435,1.6682652781583995
2436,1.6689503973691422
2437,1.6696355165798848
2438,1.6703206357906275
2439,1.6710057550013702
2440,1.6716908742121128
2441,1.6723759934228555
2442,1.6730611126335981
2443,1.6737462318443408
2444,1.6744313510550835
2445,1.675116470265826
2446,1.6758015894765688
2447,1.6764867086873114
2448,1.677171827898054
2449,1.6778569471087967
2450,1.6785420663195394
2451,1.679227185530282
2452,1.679912304741025
2453,1.6805974239517676
2454,1.6812825431625102
2455,1.681967662373253
2456,1.6826527815839956
2457,1.6833379007947382
2458,1.6840230200054809
2459,1.6847081392162235
2460,1.6853932584269662
2461,1.6860783776377088
2462,1.6867634968484515
2463,1.6874486160591942
2464,1.6881337352699368
2465,1.6888188544806795
2466,1.6895039736914221
2467,1.6901890929021648
2468,1.6908742121129074
2469,1.69155933132365
2470,1.6922444505343928
2471,1.6929295697451356
2472,1.6936146889558783
2473,1.694299808166621
2474,1.6949849273773636
2475,1.6956700465881063
2476,1.696355165798849
2477,1.6970402850095916
2478,1.6977254042203342
2479,1.698410523431077
2480,1.6990956426418196
2481,1.6997807618525622
2482,1.7004658810633049
2483,1.7011510002740475
2484,1.7018361194847902
2485,1.7025212386955328
2486,1.7032063579062755
2487,1.7038914771170182
2488,1.7045765963277608
2489,1.7052617155385035
2490,1.7059468347492464
2491,1.706631953959989
2492,1.7073170731707317
2493,1.7080021923814743
2494,1.708687311592217
2495,1.7093724308029596
2496,1.7100575500137023
2497,1.710742669224445
2498,1.7114277884351876
2499,1.7121129076459303
2500,1.712798026856673
2501,1.7134831460674156
2502,1.7141682652781582
2503,1.714853384488901
2504,1.7155385036996436
2505,1.7162236229103862
2506,1.7169087421211289
2507,1.7175938613318715
2508,1.7182789805426142
2509,1.718964099753357
2510,1.7196492189640997
2511,1.7203343381748424
2512,1.721019457385585
2513,1.7217045765963277
2514,1.7223896958070704
2515,1.723074815017813
2516,1.7237599342285557
2517,1.7244450534392983
2518,1.725130172650041
2519,1.7258152918607836
2520,1.7265004110715263
2521,1.727185530282269
2522,1.7278706494930116
2523,1.7285557687037543
2524,1.729240887914497
2525,1.7299260071252396
2526,1.7306111263359822
2527,1.731296245546725
2528,1.7319813647574678
2529,1.7326664839682104
2530,1.733351603178953
2531,1.7340367223896958
2532,1.7347218416004384
2533,1.735406960811181
2534,1.7360920800219237
2535,1.7367771992326664
2536,1.737462318443409
2537,1.7381474376541517
2538,1.7388325568648944
2539,1.739517676075637
2540,1.7402027952863797
2541,1.7408879144971223
2542,1.741573033707865
2543,1.7422581529186076
2544,1.7429432721293503
2545,1.743628391340093
2546,1.7443135105508358
2547,1.7449986297615785
2548,1.7456837489723211
2549,1.7463688681830638
2550,1.7470539873938065
2551,1.7477391066045491
2552,1.7484242258152918
2553,1.7491093450260344
2554,1.749794464236777
2555,1.7504795834475197
2556,1.7511647026582624
2557,1.751849821869005
2558,1.7525349410797477
2559,1.7532200602904904
2560,1.753905179501233
2561,1.7545902987119757
2562,1.7552754179227184
2563,1.755960537133461
2564,1.7566456563442037
2565,1.7573307755549465
2566,1.7580158947656892
2567,1.7587010139764319
2568,1.7593861331871745
2569,1.7600712523979172
2570,1.7607563716086598
2571,1.7614414908194025
2572,1.7621266100301451
2573,1.7628117292408878
2574,1.7634968484516305
2575,1.7641819676623731
2576,1.7648670868731158
2577,1.7655522060838584
2578,1.766237325294601
2579,1.7669224445053437
2580,1.7676075637160864
2581,1.768292682926829
2582,1.7689778021375717
2583,1.7696629213483144
2584,1.7703480405590573
2585,1.7710331597698
2586,1.7717182789805426
2587,1.7724033981912852
2588,1.7730885174020279
2589,1.7737736366127705
2590,1.7744587558235132
2591,1.7751438750342559
2592,1.7758289942449985
2593,1.7765141134557412
2594,1.7771992326664838
2595,1.7778843518772265
2596,1.7785694710879691
2597,1.7792545902987118
2598,1.7799397095094545
2599,1.7806248287201971
2600,1.7813099479309398
2601,1.7819950671416824
2602,1.782680186352425
2603,1.783365305563168
2604,1.7840504247739106
2605,1.7847355439846533
2606,1.785420663195396
2607,1.7861057824061386
2608,1.7867909016168813
2609,1.787476020827624
2610,1.7881611400383666
2611,1.7888462592491092
2612,1.7895313784598519
2613,1.7902164976705945
2614,1.7909016168813372
2615,1.7915867360920799
2616,1.7922718553028225
2617,1.7929569745135652
2618,1.7936420937243078
2619,1.7943272129350505
2620,1.7950123321457931
2621,1.7956974513565358
2622,1.7963825705672787
2623,1.7970676897780213
2624,1.797752808988764
2625,1.7984379281995067
2626,1.7991230474102493
2627,1.799808166620992
2628,1.8004932858317346
2629,1.8011784050424773
2630,1.80186352425322
2631,1.8025486434639626
2632,1.8032337626747053
2633,1.803918881885448
2634,1.8046040010961906
2635,1.8052891203069332
2636,1.8059742395176759
2637,1.8066593587284185
2638,1.8073444779391612
2639,1.8080295971499039
2640,1.8087147163606467
2641,1.8093998355713894
2642,1.810084954782132
2643,1.8107700739928747
2644,1.8114551932036174
2645,1.81214031241436
2646,1.8128254316251027
2647,1.8135105508358453
2648,1.814195670046588
2649,1.8148807892573307
2650,1.8155659084680733
2651,1.816251027678816
2652,1.8169361468895586
2653,1.8176212661003013
2654,1.818306385311044
2655,1.8189915045217866
2656,1.8196766237325293
2657,1.820361742943272
2658,1.8210468621540146
2659,1.8217319813647574
2660,1.8224171005755
2661,1.8231022197862428
2662,1.8237873389969854
2663,1.824472458207728
2664,1.8251575774184707
2665,1.8258426966292134
2666,1.826527815839956
2667,1.8272129350506987
2668,1.8278980542614414
2669,1.828583173472184
2670,1.8292682926829267
2671,1.8299534118936693
2672,1.830638531104412
2673,1.8313236503151546
2674,1.8320087695258973
2675,1.83269388873664
2676,1.8333790079473826
2677,1.8340641271581253
2678,1.8347492463688682
2679,1.8354343655796108
2680,1.8361194847903535
2681,1.8368046040010961
2682,1.8374897232118388
2683,1.8381748424225814
2684,1.838859961633324
2685,1.8395450808440668
2686,1.8402302000548094
2687,1.840915319265552
2688,1.8416004384762947
2689,1.8422855576870374
2690,1.84297067689778
2691,1.8436557961085227
2692,1.8443409153192654
2693,1.845026034530008
2694,1.8457111537407507
2695,1.8463962729514933
2696,1.847081392162236
2697,1.8477665113729789
2698,1.8484516305837215
2699,1.8491367497944642
2700,1.8498218690052068
2701,1.8505069882159495
2702,1.8511921074266922
2703,1.8518772266374348
2704,1.8525623458481775
2705,1.8532474650589201
2706,1.8539325842696628
2707,1.8546177034804054
2708,1.855302822691148
2709,1.8559879419018908
2710,1.8566730611126334
2711,1.857358180323376
2712,1.8580432995341187
2713,1.8587284187448614
2714,1.859413537955604
2715,1.8600986571663467
2716,1.8607837763770896
2717,1.8614688955878322
2718,1.862154014798575
2719,1.8628391340093176
2720,1.8635242532200602
2721,1.8642093724308029
2722,1.8648944916415455
2723,1.8655796108522882
2724,1.8662647300630308
2725,1.8669498492737735
2726,1.8676349684845162
2727,1.8683200876952588
2728,1.8690052069060015
2729,1.8696903261167441
2730,1.8703754453274868
2731,1.8710605645382294
2732,1.871745683748972
2733,1.8724308029597148
2734,1.8731159221704576
2735,1.8738010413812003
2736,1.874486160591943
2737,1.8751712798026856
2738,1.8758563990134283
2739,1.876541518224171
2740,1.8772266374349136
2741,1.8779117566456562
2742,1.878596875856399
2743,1.8792819950671416
2744,1.8799671142778842
2745,1.8806522334886269
2746,1.8813373526993695
2747,1.8820224719101122
2748,1.8827075911208548
2749,1.8833927103315975
2750,1.8840778295423402
2751,1.8847629487530828
2752,1.8854480679638255
2753,1.8861331871745683
2754,1.886818306385311
2755,1.8875034255960537
2756,1.8881885448067963
2757,1.888873664017539
2758,1.8895587832282816
2759,1.8902439024390243
2760,1.890929021649767
2761,1.8916141408605096
2762,1.8922992600712523
2763,1.892984379281995
2764,1.8936694984927376
2765,1.8943546177034802
2766,1.895039736914223
2767,1.8957248561249656
2768,1.8964099753357082
2769,1.8970950945464509
2770,1.8977802137571935
2771,1.8984653329679362
2772,1.899150452178679
2773,1.8998355713894217
2774,1.9005206906001644
2775,1.901205809810907
2776,1.9018909290216497
2777,1.9025760482323923
2778,1.903261167443135
2779,1.9039462866538777
2780,1.9046314058646203
2781,1.905316525075363
2782,1.9060016442861056
2783,1.9066867634968483
2784,1.907371882707591
2785,1.9080570019183336
2786,1.9087421211290763
2787,1.909427240339819
2788,1.9101123595505616
2789,1.9107974787613042
2790,1.911482597972047
2791,1.9121677171827898
2792,1.9128528363935324
2793,1.913537955604275
2794,1.9142230748150177
2795,1.9149081940257604
2796,1.915593313236503
2797,1.9162784324472457
2798,1.9169635516579884
2799,1.917648670868731
2800,1.9183337900794737
2801,1.9190189092902163
2802,1.919704028500959
2803,1.9203891477117017
2804,1.9210742669224443
2805,1.921759386133187
2806,1.9224445053439296
2807,1.9231296245546723
2808,1.923814743765415
2809,1.9244998629761578
2810,1.9251849821869005
2811,1.9258701013976431
2812,1.9265552206083858
2813,1.9272403398191285
2814,1.9279254590298711
2815,1.9286105782406138
2816,1.9292956974513564
2817,1.929980816662099
2818,1.9306659358728417
2819,1.9313510550835844
2820,1.932036174294327
2821,1.9327212935050697
2822,1.9334064127158124
2823,1.934091531926555
2824,1.9347766511372977
2825,1.9354617703480403
2826,1.936146889558783
2827,1.9368320087695257
2828,1.9375171279802685
2829,1.9382022471910112
2830,1.9388873664017539
2831,1.9395724856124965
2832,1.9402576048232392
2833,1.9409427240339818
2834,1.9416278432447245
2835,1.9423129624554671
2836,1.9429980816662098
2837,1.9436832008769525
2838,1.9443683200876951
2839,1.9450534392984378
2840,1.9457385585091804
2841,1.946423677719923
2842,1.9471087969306657
2843,1.9477939161414084
2844,1.948479035352151
2845,1.9491641545628937
2846,1.9498492737736364
2847,1.9505343929843793
2848,1.951219512195122
2849,1.9519046314058646
2850,1.9525897506166072
2851,1.9532748698273499
2852,1.9539599890380925
2853,1.9546451082488352
2854,1.9553302274595779
2855,1.9560153466703205
2856,1.9567004658810632
2857,1.9573855850918058
2858,1.9580707043025485
2859,1.9587558235132911
2860,1.9594409427240338
2861,1.9601260619347765
2862,1.960811181145519
2863,1.9614963003562618
2864,1.9621814195670044
2865,1.962866538777747
2866,1.96355165798849
2867,1.9642367771992326
2868,1.9649218964099753
2869,1.965607015620718
2870,1.9662921348314606
2871,1.9669772540422032
2872,1.967662373252946
2873,1.9683474924636886
2874,1.9690326116744312
2875,1.9697177308851739
2876,1.9704028500959165
2877,1.9710879693066592
2878,1.9717730885174019
2879,1.9724582077281445
2880,1.9731433269388872
2881,1.9738284461496298
2882,1.9745135653603725
2883,1.9751986845711151
2884,1.9758838037818578
2885,1.9765689229926007
2886,1.9772540422033433
2887,1.977939161414086
2888,1.9786242806248286
2889,1.9793093998355713
2890,1.979994519046314
2891,1.9806796382570566
2892,1.9813647574677993
2893,1.982049876678542
2894,1.9827349958892846
2895,1.9834201151000272
2896,1.98410523431077
2897,1.9847903535215126
2898,1.9854754727322552
2899,1.9861605919429979
2900,1.9868457111537405
2901,1.9875308303644832
2902,1.9882159495752258
2903,1.9889010687859687
2904,1.9895861879967114
2905,1.990271307207454
2906,1.9909564264181967
2907,1.9916415456289394
2908,1.992326664839682
2909,1.9930117840504247
2910,1.9936969032611673
2911,1.99438202247191
2912,1.9950671416826526
2913,1.9957522608933953
2914,1.996437380104138
2915,1.9971224993148806
2916,1.9978076185256233
2917,1.998492737736366
2918,1.9991778569471086
2919,1.9998629761578512
2920,2.000548095368594
2921,2.0012332145793366
2922,2.0019183337900794
2923,2.002603453000822
2924,2.0032885722115648
2925,2.003973691422307
2926,2.00465881063305
2927,2.0053439298437925
2928,2.0060290490545354
2929,2.006714168265278
2930,2.0073992874760207
2931,2.008084406686763
2932,2.008769525897506
2933,2.009454645108249
2934,2.0101397643189913
2935,2.010824883529734
2936,2.0115100027404766
2937,2.0121951219512195
2938,2.012880241161962
2939,2.013565360372705
2940,2.0142504795834473
2941,2.01493559879419
2942,2.0156207180049326
2943,2.0163058372156755
2944,2.016990956426418
2945,2.017676075637161
2946,2.018361194847903
2947,2.019046314058646
2948,2.0197314332693885
2949,2.0204165524801314
2950,2.0211016716908743
2951,2.0217867909016167
2952,2.0224719101123596
2953,2.023157029323102
2954,2.023842148533845
2955,2.0245272677445874
2956,2.0252123869553302
2957,2.0258975061660727
2958,2.0265826253768155
2959,2.027267744587558
2960,2.027952863798301
2961,2.0286379830090433
2962,2.029323102219786
2963,2.0300082214305286
2964,2.0306933406412715
2965,2.031378459852014
2966,2.032063579062757
2967,2.0327486982734992
2968,2.033433817484242
2969,2.034118936694985
2970,2.0348040559057274
2971,2.0354891751164703
2972,2.0361742943272128
2973,2.0368594135379556
2974,2.037544532748698
2975,2.038229651959441
2976,2.0389147711701834
2977,2.0395998903809263
2978,2.0402850095916687
2979,2.0409701288024116
2980,2.041655248013154
2981,2.042340367223897
2982,2.0430254864346393
2983,2.043710605645382
2984,2.0443957248561246
2985,2.0450808440668675
2986,2.04576596327761
2987,2.046451082488353
2988,2.0471362016990957
2989,2.047821320909838
2990,2.048506440120581
2991,2.0491915593313235
2992,2.0498766785420663
2993,2.050561797752809
2994,2.0512469169635517
2995,2.051932036174294
2996,2.052617155385037
2997,2.0533022745957794
2998,2.0539873938065223
2999,2.0546725130172647
3000,2.0553576322280076
3001,2.05604275143875
3002,2.056727870649493
3003,2.0574129898602354
3004,2.0580981090709782
3005,2.0587832282817207
3006,2.0594683474924635
3007,2.0601534667032064
3008,2.060838585913949
3009,2.0615237051246917
3010,2.062208824335434
3011,2.062893943546177
3012,2.0635790627569195
3013,2.0642641819676624
3014,2.064949301178405
3015,2.0656344203891477
3016,2.06631953959989
3017,2.067004658810633
3018,2.0676897780213754
3019,2.0683748972321183
3020,2.0690600164428607
3021,2.0697451356536036
3022,2.070430254864346
3023,2.071115374075089
3024,2.0718004932858314
3025,2.0724856124965743
3026,2.073170731707317
3027,2.0738558509180596
3028,2.0745409701288025
3029,2.075226089339545
3030,2.0759112085502878
3031,2.07659632776103
3032,2.077281446971773
3033,2.0779665661825155
3034,2.0786516853932584
3035,2.079336804604001
3036,2.0800219238147437
3037,2.080707043025486
3038,2.081392162236229
3039,2.0820772814469715
3040,2.0827624006577143
3041,2.0834475198684568
3042,2.0841326390791997
3043,2.084817758289942
3044,2.085502877500685
3045,2.086187996711428
3046,2.0868731159221703
3047,2.087558235132913
3048,2.0882433543436556
3049,2.0889284735543985
3050,2.089613592765141
3051,2.090298711975884
3052,2.0909838311866262
3053,2.091668950397369
3054,2.0923540696081115
3055,2.0930391888188544
3056,2.093724308029597
3057,2.0944094272403397
3058,2.095094546451082
3059,2.095779665661825
3060,2.0964647848725675
3061,2.0971499040833104
3062,2.097835023294053
3063,2.0985201425047957
3064,2.0992052617155386
3065,2.099890380926281
3066,2.100575500137024
3067,2.1012606193477663
3068,2.101945738558509
3069,2.1026308577692516
3070,2.1033159769799945
3071,2.104001096190737
3072,2.10468621540148
3073,2.1053713346122223
3074,2.106056453822965
3075,2.1067415730337076
3076,2.1074266922444505
3077,2.108111811455193
3078,2.1087969306659358
3079,2.109482049876678
3080,2.110167169087421
3081,2.1108522882981635
3082,2.1115374075089064
3083,2.1122225267196493
3084,2.1129076459303917
3085,2.1135927651411346
3086,2.114277884351877
3087,2.11496300356262
3088,2.1156481227733623
3089,2.116333241984105
3090,2.1170183611948477
3091,2.1177034804055905
3092,2.118388599616333
3093,2.119073718827076
3094,2.1197588380378183
3095,2.120443957248561
3096,2.1211290764593036
3097,2.1218141956700465
3098,2.122499314880789
3099,2.123184434091532
3100,2.1238695533022742
3101,2.124554672513017
3102,2.12523979172376
3103,2.1259249109345024
3104,2.1266100301452453
3105,2.1272951493559877
3106,2.1279802685667306
3107,2.128665387777473
3108,2.129350506988216
3109,2.1300356261989584
3110,2.1307207454097012
3111,2.1314058646204437
3112,2.1320909838311866
3113,2.132776103041929
3114,2.133461222252672
3115,2.1341463414634143
3116,2.134831460674157
3117,2.1355165798848996
3118,2.1362016990956425
3119,2.1368868183063854
3120,2.137571937517128
3121,2.1382570567278707
3122,2.138942175938613
3123,2.139627295149356
3124,2.1403124143600984
3125,2.1409975335708413
3126,2.1416826527815838
3127,2.1423677719923266
3128,2.143052891203069
3129,2.143738010413812
3130,2.1444231296245544
3131,2.1451082488352973
3132,2.1457933680460397
3133,2.1464784872567826
3134,2.147163606467525
3135,2.147848725678268
3136,2.1485338448890103
3137,2.149218964099753
3138,2.149904083310496
3139,2.1505892025212385
3140,2.1512743217319814
3141,2.151959440942724
3142,2.1526445601534667
3143,2.153329679364209
3144,2.154014798574952
3145,2.1546999177856945
3146,2.1553850369964374
3147,2.15607015620718
3148,2.1567552754179227
3149,2.157440394628665
3150,2.158125513839408
3151,2.1588106330501504
3152,2.1594957522608933
3153,2.1601808714716357
3154,2.1608659906823786
3155,2.161551109893121
3156,2.162236229103864
3157,2.162921348314607
3158,2.1636064675253492
3159,2.164291586736092
3160,2.1649767059468346
3161,2.1656618251575774
3162,2.16634694436832
3163,2.1670320635790628
3164,2.167717182789805
3165,2.168402302000548
3166,2.1690874212112905
3167,2.1697725404220334
3168,2.170457659632776
3169,2.1711427788435187
3170,2.171827898054261
3171,2.172513017265004
3172,2.1731981364757464
3173,2.1738832556864893
3174,2.1745683748972318
3175,2.1752534941079746
3176,2.1759386133187175
3177,2.17662373252946
3178,2.177308851740203
3179,2.1779939709509453
3180,2.178679090161688
3181,2.1793642093724306
3182,2.1800493285831735
3183,2.180734447793916
3184,2.1814195670046588
3185,2.182104686215401
3186,2.182789805426144
3187,2.1834749246368865
3188,2.1841600438476294
3189,2.184845163058372
3190,2.1855302822691147
3191,2.186215401479857
3192,2.1869005206906
3193,2.1875856399013425
3194,2.1882707591120854
3195,2.1889558783228282
3196,2.1896409975335707
3197,2.1903261167443135
3198,2.191011235955056
3199,2.191696355165799
3200,2.1923814743765413
3201,2.193066593587284
3202,2.1937517127980266
3203,2.1944368320087695
3204,2.195121951219512
3205,2.195807070430255
3206,2.1964921896409972
3207,2.19717730885174
3208,2.1978624280624826
3209,2.1985475472732254
3210,2.199232666483968
3211,2.1999177856947107
3212,2.200602904905453
3213,2.201288024116196
3214,2.201973143326939
3215,2.2026582625376814
3216,2.2033433817484243
3217,2.2040285009591667
3218,2.2047136201699096
3219,2.205398739380652
3220,2.206083858591395
3221,2.2067689778021373
3222,2.20745409701288
3223,2.2081392162236226
3224,2.2088243354343655
3225,2.209509454645108
3226,2.210194573855851
3227,2.2108796930665933
3228,2.211564812277336
3229,2.2122499314880786
3230,2.2129350506988215
3231,2.213620169909564
3232,2.2143052891203068
3233,2.2149904083310497
3234,2.215675527541792
3235,2.216360646752535
3236,2.2170457659632774
3237,2.2177308851740203
3238,2.2184160043847627
3239,2.2191011235955056
3240,2.219786242806248
3241,2.220471362016991
3242,2.2211564812277333
3243,2.2218416004384762
3244,2.2225267196492187
3245,2.2232118388599615
3246,2.223896958070704
3247,2.224582077281447
3248,2.2252671964921893
3249,2.225952315702932
3250,2.2266374349136746
3251,2.2273225541244175
3252,2.2280076733351604
3253,2.228692792545903
3254,2.2293779117566457
3255,2.230063030967388
3256,2.230748150178131
3257,2.2314332693888734
3258,2.2321183885996163
3259,2.2328035078103587
3260,2.2334886270211016
3261,2.234173746231844
3262,2.234858865442587
3263,2.2355439846533294
3264,2.2362291038640723
3265,2.2369142230748147
3266,2.2375993422855576
3267,2.2382844614963
3268,2.238969580707043
3269,2.2396546999177853
3270,2.240339819128528
3271,2.241024938339271
3272,2.2417100575500135
3273,2.2423951767607564
3274,2.243080295971499
3275,2.2437654151822417
3276,2.244450534392984
3277,2.245135653603727
3278,2.2458207728144695
3279,2.2465058920252123
3280,2.2471910112359548
3281,2.2478761304466977
3282,2.24856124965744
3283,2.249246368868183
3284,2.2499314880789254
3285,2.2506166072896683
3286,2.2513017265004107
3287,2.2519868457111536
3288,2.252671964921896
3289,2.253357084132639
3290,2.254042203343382
3291,2.2547273225541242
3292,2.255412441764867
3293,2.2560975609756095
3294,2.2567826801863524
3295,2.257467799397095
3296,2.2581529186078377
3297,2.25883803781858
3298,2.259523157029323
3299,2.2602082762400655
3300,2.2608933954508084
3301,2.261578514661551
3302,2.2622636338722937
3303,2.262948753083036
3304,2.263633872293779
3305,2.2643189915045214
3306,2.2650041107152643
3307,2.265689229926007
3308,2.2663743491367496
3309,2.2670594683474925
3310,2.267744587558235
3311,2.268429706768978
3312,2.2691148259797203
3313,2.269799945190463
3314,2.2704850644012056
3315,2.2711701836119484
3316,2.271855302822691
3317,2.2725404220334338
3318,2.273225541244176
3319,2.273910660454919
3320,2.2745957796656615
3321,2.2752808988764044
3322,2.275966018087147
3323,2.2766511372978897
3324,2.277336256508632
3325,2.278021375719375
3326,2.278706494930118
3327,2.2793916141408603
3328,2.280076733351603
3329,2.2807618525623456
3330,2.2814469717730885
3331,2.282132090983831
3332,2.282817210194574
3333,2.2835023294053163
3334,2.284187448616059
3335,2.2848725678268016
3336,2.2855576870375445
3337,2.286242806248287
3338,2.28692792545903
3339,2.2876130446697722
3340,2.288298163880515
3341,2.2889832830912575
3342,2.2896684023020004
3343,2.290353521512743
3344,2.2910386407234857
3345,2.2917237599342286
3346,2.292408879144971
3347,2.293093998355714
3348,2.2937791175664564
3349,2.2944642367771992
3350,2.2951493559879417
3351,2.2958344751986846
3352,2.296519594409427
3353,2.29720471362017
3354,2.2978898328309123
3355,2.298574952041655
3356,2.2992600712523976
3357,2.2999451904631405
3358,2.300630309673883
3359,2.301315428884626
3360,2.3020005480953682
3361,2.302685667306111
3362,2.3033707865168536
3363,2.3040559057275964
3364,2.3047410249383393
3365,2.3054261441490818
3366,2.3061112633598246
3367,2.306796382570567
3368,2.30748150178131
3369,2.3081666209920524
3370,2.3088517402027953
3371,2.3095368594135377
3372,2.3102219786242806
3373,2.310907097835023
3374,2.311592217045766
3375,2.3122773362565083
3376,2.312962455467251
3377,2.3136475746779936
3378,2.3143326938887365
3379,2.315017813099479
3380,2.315702932310222
3381,2.3163880515209643
3382,2.317073170731707
3383,2.31775828994245
3384,2.3184434091531925
3385,2.3191285283639353
3386,2.319813647574678
3387,2.3204987667854207
3388,2.321183885996163
3389,2.321869005206906
3390,2.3225541244176484
3391,2.3232392436283913
3392,2.3239243628391337
3393,2.3246094820498766
3394,2.325294601260619
3395,2.325979720471362
3396,2.3266648396821044
3397,2.3273499588928472
3398,2.3280350781035897
3399,2.3287201973143326
3400,2.329405316525075
3401,2.330090435735818
3402,2.3307755549465607
3403,2.331460674157303
3404,2.332145793368046
3405,2.3328309125787885
3406,2.3335160317895314
3407,2.334201151000274
3408,2.3348862702110167
3409,2.335571389421759
3410,2.336256508632502
3411,2.3369416278432444
3412,2.3376267470539873
3413,2.3383118662647298
3414,2.3389969854754726
3415,2.339682104686215
3416,2.340367223896958
3417,2.3410523431077004
3418,2.3417374623184433
3419,2.3424225815291857
3420,2.3431077007399286
3421,2.3437928199506715
3422,2.344477939161414
3423,2.3451630583721568
3424,2.345848177582899
3425,2.346533296793642
3426,2.3472184160043845
3427,2.3479035352151274
3428,2.34858865442587
3429,2.3492737736366127
3430,2.349958892847355
3431,2.350644012058098
3432,2.3513291312688405
3433,2.3520142504795833
3434,2.352699369690326
3435,2.3533844889010687
3436,2.354069608111811
3437,2.354754727322554
3438,2.3554398465332964
3439,2.3561249657440393
3440,2.356810084954782
3441,2.3574952041655246
3442,2.3581803233762675
3443,2.35886544258701
3444,2.359550561797753
3445,2.3602356810084952
3446,2.360920800219238
3447,2.3616059194299805
3448,2.3622910386407234
3449,2.362976157851466
3450,2.3636612770622087
3451,2.364346396272951
3452,2.365031515483694
3453,2.3657166346944365
3454,2.3664017539051794
3455,2.367086873115922
3456,2.3677719923266647
3457,2.368457111537407
3458,2.36914223074815
3459,2.369827349958893
3460,2.3705124691696353
3461,2.371197588380378
3462,2.3718827075911206
3463,2.3725678268018635
3464,2.373252946012606
3465,2.373938065223349
3466,2.3746231844340913
3467,2.375308303644834
3468,2.3759934228555766
3469,2.3766785420663195
3470,2.377363661277062
3471,2.3780487804878048
3472,2.378733899698547
3473,2.37941901890929
3474,2.3801041381200325
3475,2.3807892573307754
3476,2.3814743765415183
3477,2.3821594957522607
3478,2.3828446149630036
3479,2.383529734173746
3480,2.384214853384489
3481,2.3848999725952313
3482,2.3855850918059742
3483,2.3862702110167167
3484,2.3869553302274595
3485,2.387640449438202
3486,2.388325568648945
3487,2.3890106878596873
3488,2.38969580707043
3489,2.3903809262811726
3490,2.3910660454919155
3491,2.391751164702658
3492,2.392436283913401
3493,2.3931214031241432
3494,2.393806522334886
3495,2.394491641545629
3496,2.3951767607563714
3497,2.3958618799671143
3498,2.3965469991778567
3499,2.3972321183885996
3500,2.397917237599342
3501,2.398602356810085
3502,2.3992874760208274
3503,2.3999725952315702
3504,2.4006577144423127
3505,2.4013428336530556
3506,2.402027952863798
3507,2.402713072074541
3508,2.4033981912852833
3509,2.404083310496026
3510,2.4047684297067686
3511,2.4054535489175115
3512,2.406138668128254
3513,2.406823787338997
3514,2.4075089065497397
3515,2.408194025760482
3516,2.408879144971225
3517,2.4095642641819675
3518,2.4102493833927103
3519,2.4109345026034528
3520,2.4116196218141956
3521,2.412304741024938
3522,2.412989860235681
3523,2.4136749794464234
3524,2.4143600986571663
3525,2.4150452178679087
3526,2.4157303370786516
3527,2.416415456289394
3528,2.417100575500137
3529,2.4177856947108793
3530,2.418470813921622
3531,2.4191559331323647
3532,2.4198410523431075
3533,2.4205261715538504
3534,2.421211290764593
3535,2.4218964099753357
3536,2.422581529186078
3537,2.423266648396821
3538,2.4239517676075635
3539,2.4246368868183064
3540,2.425322006029049
3541,2.4260071252397917
3542,2.426692244450534
3543,2.427377363661277
3544,2.4280624828720194
3545,2.4287476020827623
3546,2.4294327212935047
3547,2.4301178405042476
3548,2.43080295971499
3549,2.431488078925733
3550,2.4321731981364754
3551,2.4328583173472182
3552,2.433543436557961
3553,2.4342285557687036
3554,2.4349136749794464
3555,2.435598794190189
3556,2.4362839134009318
3557,2.436969032611674
3558,2.437654151822417
3559,2.4383392710331595
3560,2.4390243902439024
3561,2.439709509454645
3562,2.4403946286653877
3563,2.44107974787613
3564,2.441764867086873
3565,2.4424499862976154
3566,2.4431351055083583
3567,2.4438202247191008
3568,2.4445053439298436
3569,2.445190463140586
3570,2.445875582351329
3571,2.446560701562072
3572,2.4472458207728143
3573,2.447930939983557
3574,2.4486160591942996
3575,2.4493011784050425
3576,2.449986297615785
3577,2.450671416826528
3578,2.45135653603727
3579,2.452041655248013
3580,2.4527267744587555
3581,2.4534118936694984
3582,2.454097012880241
3583,2.4547821320909837
3584,2.455467251301726
3585,2.456152370512469
3586,2.4568374897232115
3587,2.4575226089339544
3588,2.458207728144697
3589,2.4588928473554397
3590,2.4595779665661825
3591,2.460263085776925
3592,2.460948204987668
3593,2.4616333241984103
3594,2.462318443409153
3595,2.4630035626198956
3596,2.4636886818306385
3597,2.464373801041381
3598,2.465058920252124
3599,2.4657440394628662
3600,2.466429158673609
3601,2.4671142778843516
3602,2.4677993970950944
3603,2.468484516305837
3604,2.4691696355165798
3605,2.469854754727322
3606,2.470539873938065
3607,2.4712249931488075
3608,2.4719101123595504
3609,2.4725952315702933
3610,2.4732803507810357
3611,2.4739654699917786
3612,2.474650589202521
3613,2.475335708413264
3614,2.4760208276240063
3615,2.476705946834749
3616,2.4773910660454916
3617,2.4780761852562345
3618,2.478761304466977
3619,2.47944642367772
3620,2.4801315428884623
3621,2.480816662099205
3622,2.4815017813099476
3623,2.4821869005206905
3624,2.482872019731433
3625,2.483557138942176
3626,2.484242258152918
3627,2.484927377363661
3628,2.485612496574404
3629,2.4862976157851464
3630,2.4869827349958893
3631,2.4876678542066317
3632,2.4883529734173746
3633,2.489038092628117
3634,2.48972321183886
3635,2.4904083310496024
3636,2.4910934502603452
3637,2.4917785694710877
3638,2.4924636886818305
3639,2.493148807892573
3640,2.493833927103316
3641,2.4945190463140583
3642,2.495204165524801
3643,2.4958892847355436
3644,2.4965744039462865
3645,2.497259523157029
3646,2.497944642367772
3647,2.4986297615785147
3648,2.499314880789257
3649,2.5
