time,speed,unit
0,1495.759213346636,rpm
1,1512.1686030926205,rpm
2,1482.1403952529793,rpm
3,1530.4791455362724,rpm
4,1504.5649894467742,rpm
5,1499.4233756426468,rpm
6,1536.4132920788509,rpm
7,1507.7668578675857,rpm
8,1484.3671265307307,rpm
9,1497.2447689286334,rpm
10,1526.825581104504,rpm
11,1504.4526806877209,rpm
12,1492.6195479582902,rpm
13,1499.6627772933532,rpm
14,1504.513673799224,rpm
15,1493.389199522055,rpm
16,1483.188591647176,rpm
17,1496.149757489094,rpm
18,1507.2706417099716,rpm
19,1515.181732087053,rpm
20,1497.3581937865831,rpm
21,1499.9594609829996,rpm
22,1487.1615036811897,rpm
23,1514.1453476057197,rpm
24,1496.5432475474036,rpm
25,1505.6100237667345,rpm
26,1516.2865463294054,rpm
27,1510.3206977223376,rpm
28,1509.0304652235027,rpm
29,1526.1968845922481,rpm
30,1485.489458394008,rpm
31,1516.0092929882824,rpm
32,1518.533774219837,rpm
33,1487.2426850376366,rpm
34,1504.4802005987065,rpm
35,1520.6240678393785,rpm
36,1511.0654626788955,rpm
37,1502.7500441870645,rpm
38,1504.450617317706,rpm
39,1513.060217688263,rpm
40,1498.8821154302852,rpm
41,1487.3164533989043,rpm
42,1502.0190753096647,rpm
43,1473.8803667155032,rpm
44,1478.7073963808261,rpm
45,1477.558651720437,rpm
46,1501.4103484859143,rpm
47,1502.482668814613,rpm
48,1525.1504415255592,rpm
49,1510.896520100693,rpm
50,1481.49010053022,rpm
51,1496.0403980591457,rpm
52,1509.507403418372,rpm
53,1510.904196321712,rpm
54,1503.5113839090411,rpm
55,1487.8447277162231,rpm
56,1526.3172665630084,rpm
57,1515.735001806599,rpm
58,1516.1903248053943,rpm
59,1469.3795509490542,rpm
60,1463.2229028157408,rpm
61,1521.3082565006962,rpm
62,1525.7948540017273,rpm
63,1502.3845248961286,rpm
64,1524.8502960850528,rpm
65,1499.9021457211034,rpm
66,1477.7188554729485,rpm
67,1508.0434124109827,rpm
68,1482.075493005229,rpm
69,1511.6678353384311,rpm
70,1512.426073438667,rpm
71,1505.9625310959182,rpm
72,1519.0716449666074,rpm
73,1509.2472407312132,rpm
74,1484.9064619496821,rpm
75,1501.3891227044903,rpm
76,1483.2094040189477,rpm
77,1481.9457841293083,rpm
78,1481.1523173336416,rpm
79,1462.9649404959675,rpm
80,1515.4057284345727,rpm
81,1500.1189859642143,rpm
82,1482.6882996270326,rpm
83,1517.825794499485,rpm
84,1470.599445457004,rpm
85,1520.0189755172626,rpm
86,1520.9842747494529,rpm
87,1499.9886295632566,rpm
88,1506.7587423867885,rpm
89,1513.6735298262458,rpm
90,1494.7905038466658,rpm
91,1494.2105987367743,rpm
92,1488.4529636887266,rpm
93,1495.6639288667086,rpm
94,1483.9531011086242,rpm
95,1470.0015690095179,rpm
96,1506.7453465627668,rpm
97,1469.9582968043183,rpm
98,1527.961143614236,rpm
99,1505.5270981630872,rpm
100,1496.3695219999533,rpm
101,1477.0211783506645,rpm
102,1496.0358563194845,rpm
103,1500.0157930018431,rpm
104,1481.848047451259,rpm
105,1490.9809908081238,rpm
106,1479.1860765014328,rpm
107,1487.4947597676737,rpm
108,1496.6912559983377,rpm
109,1487.6666535413963,rpm
110,1459.7909771287032,rpm
111,1502.7118714415237,rpm
112,1524.7478073183484,rpm
113,1506.527942243891,rpm
114,1491.3615921335847,rpm
115,1509.6659730948938,rpm
116,1496.7851284624378,rpm
117,1501.1117962550288,rpm
118,1503.234072448973,rpm
119,1497.6337371921195,rpm
120,1487.6119554246052,rpm
121,1485.980478956684,rpm
122,1501.5901143743927,rpm
123,1515.485741236835,rpm
124,1494.135607909583,rpm
125,1494.5366650492883,rpm
126,1460.777590632472,rpm
127,1516.087113540022,rpm
128,1509.98056164059,rpm
129,1525.3501768983742,rpm
130,1493.5355548072528,rpm
131,1486.579790965159,rpm
132,1516.1932431651812,rpm
133,1513.7727400917886,rpm
134,1483.3884601056716,rpm
135,1485.860733215636,rpm
136,1506.7366470784646,rpm
137,1530.542602979975,rpm
138,1499.2147560100902,rpm
139,1470.0281806934383,rpm
140,1480.126405921047,rpm
141,1501.0088523506456,rpm
142,1489.3811710816146,rpm
143,1478.2223288916687,rpm
144,1496.2750301825865,rpm
145,1468.6226860021816,rpm
146,1500.201330581035,rpm
147,1499.1460469949536,rpm
148,1513.4905582511842,rpm
149,1527.2397415707167,rpm
150,1501.5681838812204,rpm
151,1490.199516307653,rpm
152,1496.5420000829101,rpm
153,1484.4440529941605,rpm
154,1484.126934422335,rpm
155,1501.2763961918436,rpm
156,1516.4154824470477,rpm
157,1520.3820595296947,rpm
158,1499.715546690157,rpm
159,1513.6481884993946,rpm
160,1512.1729389566553,rpm
161,1504.0295756885537,rpm
162,1504.8681222170164,rpm
163,1527.8526841063835,rpm
164,1492.3548726800705,rpm
165,1491.891149535212,rpm
166,1509.2734617304848,rpm
167,1513.7347773576985,rpm
168,1508.993828406664,rpm
169,1491.4953683180663,rpm
170,1481.4318582028275,rpm
171,1521.9327594116628,rpm
172,1500.2462029176884,rpm
173,1494.4520669528606,rpm
174,1485.6205570645955,rpm
175,1494.432075683106,rpm
176,1496.727440711726,rpm
177,1509.9212885271127,rpm
178,1493.6254162472064,rpm
179,1506.5994027785553,rpm
180,1485.8853143187464,rpm
181,1519.9698123592182,rpm
182,1487.890329383578,rpm
183,1467.2248611057048,rpm
184,1506.322631890161,rpm
185,1504.0400810264478,rpm
186,1490.5584476162526,rpm
187,1489.1950206541997,rpm
188,1478.550270326948,rpm
189,1513.042041815607,rpm
190,1509.4921081499347,rpm
191,1485.1200969763702,rpm
192,1518.8754175164347,rpm
193,1500.3629490356013,rpm
194,1464.5784587624262,rpm
195,1500.2344444443415,rpm
196,1496.3703658176528,rpm
197,1497.6297266878482,rpm
198,1521.4112183579578,rpm
199,1507.7294874699799,rpm
200,1508.108612581757,rpm
201,1468.8608209597064,rpm
202,1488.2441466168746,rpm
203,1485.3848401566538,rpm
204,1510.0359598139005,rpm
205,1521.0951647082106,rpm
206,1488.526743054501,rpm
207,1486.8980985102708,rpm
208,1489.9006263034853,rpm
209,1492.9627868867522,rpm
210,1494.8114453877727,rpm
211,1520.336861090263,rpm
212,1520.5483928931276,rpm
213,1473.2029845278246,rpm
214,1497.6234116208802,rpm
215,1485.874275524032,rpm
216,1514.1894252971663,rpm
217,1486.14879381806,rpm
218,1510.8025868051623,rpm
219,1486.0653573857746,rpm
220,1491.5392222738699,rpm
221,1507.3514876276633,rpm
222,1496.2482987552314,rpm
223,1503.1220164343197,rpm
224,1491.065083372189,rpm
225,1483.600476562164,rpm
226,1508.6296402519588,rpm
227,1484.3805696030738,rpm
228,1498.1368812365502,rpm
229,1504.9862999796628,rpm
230,1498.4651418584228,rpm
231,1475.3258766239655,rpm
232,1494.2949142821026,rpm
233,1482.4894408138566,rpm
234,1483.752831026546,rpm
235,1507.4297852985128,rpm
236,1510.2190469383797,rpm
237,1514.5507522998853,rpm
238,1488.1529888094926,rpm
239,1509.7594292850558,rpm
240,1499.1039655506563,rpm
241,1514.126022851045,rpm
242,1502.370651122072,rpm
243,1474.6018194928201,rpm
244,1518.4195851732197,rpm
245,1503.745337051881,rpm
246,1520.9589760204137,rpm
247,1488.6291814854644,rpm
248,1505.0185338602726,rpm
249,1499.0056469298377,rpm
250,1506.1125762800914,rpm
251,1516.7689918750737,rpm
252,1493.5490095761284,rpm
253,1486.0816269708196,rpm
254,1498.1987598946628,rpm
255,1525.7241800599058,rpm
256,1494.8205239024655,rpm
257,1514.42968011188,rpm
258,1489.833087175713,rpm
259,1487.9659963289853,rpm
260,1491.4956347353268,rpm
261,1516.928989692908,rpm
262,1492.7431437923458,rpm
263,1520.0517190030525,rpm
264,1511.8645353812813,rpm
265,1491.8067615461414,rpm
266,1516.954337854336,rpm
267,1544.6220581637551,rpm
268,1503.5536553380266,rpm
269,1521.903401090456,rpm
270,1492.943874645072,rpm
271,1494.261465160009,rpm
272,1500.1947840660291,rpm
273,1493.3586618530667,rpm
274,1515.647332498063,rpm
275,1510.4509482585497,rpm
276,1515.3508515006345,rpm
277,1502.5381735909739,rpm
278,1511.3823934804047,rpm
279,1514.0554181112932,rpm
280,1477.1210241133608,rpm
281,1527.8607197180784,rpm
282,1494.503701549285,rpm
283,1514.3514422257795,rpm
284,1507.46103089515,rpm
285,1506.409419214452,rpm
286,1526.5509545552934,rpm
287,1502.929418454582,rpm
288,1517.0686919685381,rpm
289,1505.8112894743558,rpm
290,1508.188798846496,rpm
291,1467.6795324014658,rpm
292,1507.2104305264363,rpm
293,1479.0739030435702,rpm
294,1506.8374895863385,rpm
295,1499.8584227157955,rpm
296,1523.2095683493615,rpm
297,1516.2029237100667,rpm
298,1480.6824411934808,rpm
299,1490.6736472437135,rpm
300,1505.9860412310709,rpm
301,1512.3971925611827,rpm
302,1493.3010800886707,rpm
303,1495.6180258160684,rpm
304,1491.838102941756,rpm
305,1485.0350995289161,rpm
306,1492.3380819007525,rpm
307,1491.9830957084262,rpm
308,1489.250533665729,rpm
309,1493.838984791302,rpm
310,1480.852889169863,rpm
311,1512.1523182642186,rpm
312,1521.9718845034045,rpm
313,1487.9664473157497,rpm
314,1529.427189079351,rpm
315,1511.9548713593979,rpm
316,1491.5586414660006,rpm
317,1511.2427160371656,rpm
318,1512.147530123493,rpm
319,1494.4372864375093,rpm
320,1486.2824598588722,rpm
321,1504.0742235846114,rpm
322,1511.1068938162484,rpm
323,1483.0824753543488,rpm
324,1494.1531754684586,rpm
325,1510.6927949544827,rpm
326,1511.463780640378,rpm
327,1525.4436477548315,rpm
328,1512.341643415866,rpm
329,1510.8830900733965,rpm
330,1522.7032509384655,rpm
331,1497.1552022206236,rpm
332,1486.7785262706602,rpm
333,1502.781418996614,rpm
334,1502.6503313003398,rpm
335,1469.015388859176,rpm
336,1470.272684694581,rpm
337,1506.992158181085,rpm
338,1492.8289619110783,rpm
339,1525.5636855040646,rpm
340,1514.0006931535586,rpm
341,1521.8300639985844,rpm
342,1492.2274468411588,rpm
343,1505.3972153305692,rpm
344,1496.531485876264,rpm
345,1470.2500539443479,rpm
346,1497.7984152518668,rpm
347,1510.4549222228545,rpm
348,1493.674152575229,rpm
349,1489.9728835797403,rpm
350,1495.6059272890343,rpm
351,1487.3046479899378,rpm
352,1494.9782508264952,rpm
353,1520.9166728794828,rpm
354,1498.5662005624717,rpm
355,1514.2988301244418,rpm
356,1507.7236867207184,rpm
357,1473.8213238337285,rpm
358,1492.2767296001352,rpm
359,1514.7256713820245,rpm
360,1484.6172703391708,rpm
361,1503.5525229064506,rpm
362,1491.361228125646,rpm
363,1493.908951024484,rpm
364,1531.4793251555454,rpm
365,1492.7479270651013,rpm
366,1494.472191954848,rpm
367,1507.601176471429,rpm
368,1492.5781732864912,rpm
369,1497.9170668894135,rpm
370,1489.106714858852,rpm
371,1498.398083935676,rpm
372,1487.0732280226664,rpm
373,1479.5973048583928,rpm
374,1484.5980304944233,rpm
375,1529.50750560399,rpm
376,1494.5018298822292,rpm
377,1477.4505889722993,rpm
378,1470.547027040869,rpm
379,1506.0655934412634,rpm
380,1479.326136597106,rpm
381,1483.7678718183804,rpm
382,1477.0252084193455,rpm
383,1506.011366530174,rpm
384,1500.536538343416,rpm
385,1520.1368887017773,rpm
386,1499.190370239725,rpm
387,1472.2786486424923,rpm
388,1499.0632987743916,rpm
389,1502.8600584989847,rpm
390,1490.6357705152307,rpm
391,1491.8096960201176,rpm
392,1521.488110025118,rpm
393,1483.0375059354692,rpm
394,1494.9779652177835,rpm
395,1502.2576588874708,rpm
396,1498.5910458373514,rpm
397,1497.398424720563,rpm
398,1487.9769294931132,rpm
399,1487.5202254737292,rpm
400,1518.8713963272835,rpm
401,1509.2300199542055,rpm
402,1510.0509939515518,rpm
403,1483.961125643746,rpm
404,1492.5422996474658,rpm
405,1506.2925095254616,rpm
406,1495.5992320411071,rpm
407,1491.3359173401584,rpm
408,1508.660119645969,rpm
409,1487.1524809998054,rpm
410,1503.380035275299,rpm
411,1506.7532620588809,rpm
412,1530.8338457288037,rpm
413,1506.02037278363,rpm
414,1501.4952984755887,rpm
415,1504.8327571629159,rpm
416,1501.1251561246763,rpm
417,1469.728104332521,rpm
418,1489.6733519567701,rpm
419,1487.4166277887741,rpm
420,1507.1971667397856,rpm
421,1493.9524458778676,rpm
422,1508.8171061289083,rpm
423,1510.278064795795,rpm
424,1506.0254972868925,rpm
425,1493.9706546677594,rpm
426,1496.1990298724527,rpm
427,1490.6947004863523,rpm
428,1500.3144727146434,rpm
429,1526.1287827357273,rpm
430,1488.7010042935508,rpm
431,1496.478023671703,rpm
432,1502.0730193999377,rpm
433,1503.5396802439216,rpm
434,1486.0718886023537,rpm
435,1489.1759406057215,rpm
436,1493.771283761761,rpm
437,1512.650787872665,rpm
438,1499.9631475449073,rpm
439,1478.114536553673,rpm
440,1484.53092940855,rpm
441,1502.0475608016059,rpm
442,1490.2422156641371,rpm
443,1489.4652855970762,rpm
444,1512.4985732894902,rpm
445,1508.4035209018089,rpm
446,1517.8403997871822,rpm
447,1484.2153180331002,rpm
448,1526.9414633319118,rpm
449,1484.5160513873298,rpm
450,1517.095258677595,rpm
451,1512.3115692275344,rpm
452,1491.544536328551,rpm
453,1490.2629497377045,rpm
454,1516.632012053021,rpm
455,1495.510873198988,rpm
456,1483.960761996204,rpm
457,1502.669159028227,rpm
458,1514.2840188502023,rpm
459,1483.9095663448304,rpm
460,1503.3686080382806,rpm
461,1500.7667890002672,rpm
462,1489.910799001773,rpm
463,1523.156626973175,rpm
464,1464.6163981769505,rpm
465,1503.2240318972888,rpm
466,1511.7739375346832,rpm
467,1524.354181984286,rpm
468,1527.9455759813513,rpm
469,1497.2678185402276,rpm
470,1483.8227211809142,rpm
471,1497.5424663643455,rpm
472,1502.973463060875,rpm
473,1482.5386323534065,rpm
474,1500.7319523411145,rpm
475,1485.9489981632223,rpm
476,1496.375819835782,rpm
477,1480.8355141808722,rpm
478,1509.2692895497114,rpm
479,1495.4559204894917,rpm
480,1485.57643967678,rpm
481,1484.5709863472232,rpm
482,1486.18706744534,rpm
483,1492.5087874897602,rpm
484,1499.0354626177896,rpm
485,1480.9004332371308,rpm
486,1495.8259468326448,rpm
487,1484.4432910586859,rpm
488,1493.6680637441887,rpm
489,1491.590717460011,rpm
490,1487.988008109286,rpm
491,1514.3513871867683,rpm
492,1509.3494942833763,rpm
493,1485.7636883874109,rpm
494,1498.1296767523634,rpm
495,1524.1720692079314,rpm
496,1486.197050942731,rpm
497,1484.9264356060041,rpm
498,1520.9358053842584,rpm
499,1491.5470720866736,rpm
500,1504.1125906427383,rpm
501,1486.647455676731,rpm
502,1498.3372471558246,rpm
503,1490.35946751141,rpm
504,1510.5335697704338,rpm
505,1489.04272260499,rpm
506,1486.1152561633373,rpm
507,1484.2015197347316,rpm
508,1489.7277269832714,rpm
509,1483.3754347270662,rpm
510,1483.031978879249,rpm
511,1485.0089291541028,rpm
512,1481.9236875302586,rpm
513,1500.8911809907186,rpm
514,1459.0847674412494,rpm
515,1492.128783023315,rpm
516,1503.2143755863817,rpm
517,1490.9964278332372,rpm
518,1472.790944945249,rpm
519,1488.1668095848715,rpm
520,1491.1232381552911,rpm
521,1517.3605544286643,rpm
522,1481.5913546692975,rpm
523,1492.0853462692285,rpm
524,1501.443432795829,rpm
525,1490.9190556490041,rpm
526,1469.6751537636064,rpm
527,1505.9958492632004,rpm
528,1510.1217941311456,rpm
529,1485.3697197999618,rpm
530,1499.117679439992,rpm
531,1468.8717001039206,rpm
532,1485.1670536292772,rpm
533,1512.6523521784272,rpm
534,1501.9846652556103,rpm
535,1504.7132664934932,rpm
536,1522.3462632338928,rpm
537,1501.601125835423,rpm
538,1504.3794255899945,rpm
539,1475.0019422773094,rpm
540,1507.236295993651,rpm
541,1510.9633108538167,rpm
542,1509.0957430579258,rpm
543,1501.7878802781372,rpm
544,1470.1085704791337,rpm
545,1495.555909485348,rpm
546,1501.2670129443063,rpm
547,1491.7983860218726,rpm
548,1504.0068118225352,rpm
549,1506.6109801321882,rpm
550,1497.2930628205468,rpm
551,1491.0506679542589,rpm
552,1496.8682839686992,rpm
553,1502.9704977511929,rpm
554,1512.7466063749675,rpm
555,1518.9592160632155,rpm
556,1509.9345647420157,rpm
557,1516.981096051593,rpm
558,1484.4303477015803,rpm
559,1481.3901001126294,rpm
560,1518.5678443871486,rpm
561,1493.6087775476592,rpm
562,1508.1203454444035,rpm
563,1501.811025710281,rpm
564,1505.9426913453033,rpm
565,1496.4271166752746,rpm
566,1473.8065309654223,rpm
567,1498.5754530335298,rpm
568,1471.9359242085507,rpm
569,1491.3340186146422,rpm
570,1497.0506487931873,rpm
571,1506.2429941947169,rpm
572,1495.7842510688702,rpm
573,1510.5308920072794,rpm
574,1517.2089880959977,rpm
575,1491.3856124828912,rpm
576,1472.063667379724,rpm
577,1515.3729004197787,rpm
578,1487.4836320978256,rpm
579,1504.196737306006,rpm
580,1537.9779392110943,rpm
581,1484.361314826207,rpm
582,1520.7035707798696,rpm
583,1501.265258515252,rpm
584,1488.0452284426688,rpm
585,1507.5795731926469,rpm
586,1508.9708513656794,rpm
587,1537.5343966805656,rpm
588,1500.2139614304733,rpm
589,1502.010473594026,rpm
590,1480.141205450887,rpm
591,1488.9997922873872,rpm
592,1521.3933640429377,rpm
593,1486.7349540441087,rpm
594,1487.2406077951425,rpm
595,1513.9963991143586,rpm
596,1484.4334971907642,rpm
597,1511.9379673690926,rpm
598,1509.3083383432877,rpm
599,1531.0700378583297,rpm
600,1494.6739541277632,rpm
601,1503.4061291886587,rpm
602,1512.8097818653291,rpm
603,1515.942711470589,rpm
604,1504.7675132322072,rpm
605,1487.6748294772524,rpm
606,1495.6529831076682,rpm
607,1493.075539204177,rpm
608,1493.5735629728222,rpm
609,1498.8272406677995,rpm
610,1521.2486190152908,rpm
611,1498.720035967343,rpm
612,1499.2721550661263,rpm
613,1508.0638829648967,rpm
614,1534.169297240786,rpm
615,1493.0075964865784,rpm
616,1498.558512548527,rpm
617,1509.8502631360925,rpm
618,1495.66990509951,rpm
619,1514.129126035602,rpm
620,1476.6582408924428,rpm
621,1502.9145550469952,rpm
622,1537.2853609677256,rpm
623,1518.7886875854554,rpm
624,1491.770328322447,rpm
625,1486.8607366316378,rpm
626,1497.2621424011236,rpm
627,1506.1298577392652,rpm
628,1493.3806882548483,rpm
629,1473.377398268071,rpm
630,1494.1492684043446,rpm
631,1490.2932576800065,rpm
632,1502.4381885166295,rpm
633,1514.842850102615,rpm
634,1509.307807238807,rpm
635,1504.8890008429971,rpm
636,1501.044204804362,rpm
637,1506.46302941733,rpm
638,1508.552373463379,rpm
639,1494.7071011512894,rpm
640,1513.2977644532905,rpm
641,1504.9799461819907,rpm
642,1496.7355558665247,rpm
643,1504.6022113131692,rpm
644,1469.4817570187638,rpm
645,1524.6144499463248,rpm
646,1510.394347181339,rpm
647,1484.2357627014233,rpm
648,1494.178699161364,rpm
649,1472.6317852773825,rpm
650,1486.7762846404446,rpm
651,1489.9008234598891,rpm
652,1512.0257604990657,rpm
653,1466.9283978259866,rpm
654,1499.0404656414123,rpm
655,1522.0608083681593,rpm
656,1497.6226560059665,rpm
657,1491.834161567866,rpm
658,1503.691878255674,rpm
659,1500.0983144672039,rpm
660,1491.6242751591353,rpm
661,1510.6984937595967,rpm
662,1494.0561994150762,rpm
663,1499.7749496565013,rpm
664,1490.2459435182543,rpm
665,1497.2661579272549,rpm
666,1502.4838362421654,rpm
667,1498.5121097348936,rpm
668,1495.748718013405,rpm
669,1484.055514876014,rpm
670,1512.5245715140688,rpm
671,1519.6451509723915,rpm
672,1514.342315931386,rpm
673,1511.9907703464596,rpm
674,1486.3320873083276,rpm
675,1486.502502464686,rpm
676,1458.9078235332042,rpm
677,1531.965962513053,rpm
678,1518.2296769505851,rpm
679,1501.7903889417212,rpm
680,1512.903896858244,rpm
681,1505.0614550367695,rpm
682,1522.9855422822031,rpm
683,1523.9226399892655,rpm
684,1501.9730867844842,rpm
685,1532.0593867680686,rpm
686,1479.1413142270726,rpm
687,1531.413006536579,rpm
688,1500.2548026096047,rpm
689,1495.2313683118023,rpm
690,1474.0768188156107,rpm
691,1503.9093556824973,rpm
692,1507.2323815988314,rpm
693,1507.9939108771146,rpm
694,1525.1511188251393,rpm
695,1520.3758508263707,rpm
696,1515.466032997535,rpm
697,1504.6109650164713,rpm
698,1490.3883359729934,rpm
699,1494.1801853061477,rpm
700,1501.2580746176143,rpm
701,1499.446739024187,rpm
702,1476.4474544624336,rpm
703,1501.2986672502923,rpm
704,1490.159561150724,rpm
705,1514.5283230371454,rpm
706,1519.7164806428916,rpm
707,1522.585086738662,rpm
708,1522.8994733706907,rpm
709,1499.6352006526222,rpm
710,1511.0809961136176,rpm
711,1502.1816253974691,rpm
712,1502.8126965474432,rpm
713,1495.1353131467567,rpm
714,1483.2899138186865,rpm
715,1515.0646046443435,rpm
716,1494.1564928743298,rpm
717,1504.4411554884039,rpm
718,1490.8560774735568,rpm
719,1511.1372488439374,rpm
720,1474.398426810427,rpm
721,1490.6848416845753,rpm
722,1507.0402221921859,rpm
723,1491.188007730097,rpm
724,1517.3825954008475,rpm
725,1519.9379064619357,rpm
726,1500.515935195475,rpm
727,1516.3167359949146,rpm
728,1493.8252569149618,rpm
729,1474.7179401198862,rpm
730,1503.7090698009818,rpm
731,1514.8898549708838,rpm
732,1489.0483344954912,rpm
733,1495.7591028021327,rpm
734,1489.7602662671911,rpm
735,1506.3525482609816,rpm
736,1464.0685839899918,rpm
737,1519.8387622457356,rpm
738,1485.404440700809,rpm
739,1498.0930704908715,rpm
740,1505.93291115904,rpm
741,1507.63230814263,rpm
742,1503.5747880075292,rpm
743,1511.587753307713,rpm
744,1498.4447107548306,rpm
745,1510.832024641287,rpm
746,1502.5956545875486,rpm
747,1509.8661790411227,rpm
748,1508.433460531215,rpm
749,1508.718036967817,rpm
750,1508.9920795606984,rpm
751,1507.6958720051643,rpm
752,1490.502426684855,rpm
753,1485.8594479858439,rpm
754,1496.9362036264597,rpm
755,1505.526347640785,rpm
756,1509.5683774261915,rpm
757,1481.8648480283591,rpm
758,1488.9707891323392,rpm
759,1499.206805666152,rpm
760,1469.937086472896,rpm
761,1516.4393064265198,rpm
762,1474.2062887459892,rpm
763,1508.1079247110586,rpm
764,1504.9673050526826,rpm
765,1497.4885674789514,rpm
766,1502.432436520004,rpm
767,1511.635912960031,rpm
768,1501.8708435116362,rpm
769,1502.1853350260214,rpm
770,1489.6620073340944,rpm
771,1496.8014721076163,rpm
772,1482.5858398510943,rpm
773,1509.3734342552104,rpm
774,1495.5984681500279,rpm
775,1495.327451024651,rpm
776,1484.1598409605251,rpm
777,1480.1041355816678,rpm
778,1502.3961693309377,rpm
779,1485.2921983726928,rpm
780,1507.0224109572175,rpm
781,1500.564041729866,rpm
782,1526.1849803383836,rpm
783,1517.158397881753,rpm
784,1503.2941312046719,rpm
785,1503.7771077287293,rpm
786,1521.7866011048095,rpm
787,1492.4021376832895,rpm
788,1527.8254335922036,rpm
789,1512.079243039726,rpm
790,1499.3562850179103,rpm
791,1495.4766507731447,rpm
792,1499.5074741015123,rpm
793,1499.4190936770933,rpm
794,1506.9783692516592,rpm
795,1490.1802201886865,rpm
796,1495.001407582548,rpm
797,1496.986642545397,rpm
798,1491.833662027329,rpm
799,1502.2840941644913,rpm
800,1496.712262820066,rpm
801,1523.7400390257467,rpm
802,1505.6421803404864,rpm
803,1473.99993296248,rpm
804,1503.809030496469,rpm
805,1468.6866843088906,rpm
806,1490.818508554787,rpm
807,1487.9548868862482,rpm
808,1486.1106848119098,rpm
809,1481.9647907574006,rpm
810,1486.0492994215788,rpm
811,1500.7988459032217,rpm
812,1510.7700505419984,rpm
813,1497.172115479113,rpm
814,1525.9313176625951,rpm
815,1499.3873203413445,rpm
816,1501.5484430949234,rpm
817,1507.1136261185509,rpm
818,1503.7559301351305,rpm
819,1486.718918850065,rpm
820,1522.0270214401867,rpm
821,1488.9573738363442,rpm
822,1503.6364528151516,rpm
823,1476.1051367124437,rpm
824,1515.4805471884476,rpm
825,1517.7565289348347,rpm
826,1491.6842859353667,rpm
827,1489.1983759147274,rpm
828,1514.7304810216292,rpm
829,1515.7946285227158,rpm
830,1505.192715030858,rpm
831,1503.238548767641,rpm
832,1474.10873150649,rpm
833,1501.2876184776844,rpm
834,1482.711953304678,rpm
835,1493.3242768633027,rpm
836,1509.018984578858,rpm
837,1513.9295752504072,rpm
838,1518.92200841379,rpm
839,1483.2150605792392,rpm
840,1519.0378900917594,rpm
841,1496.7791147419032,rpm
842,1512.2000256795818,rpm
843,1511.3788459778452,rpm
844,1524.178553216897,rpm
845,1497.3466093522484,rpm
846,1496.4966391980784,rpm
847,1519.8873498248804,rpm
848,1503.1741083896738,rpm
849,1476.7816039870402,rpm
850,1509.5399546357503,rpm
851,1503.6083734956378,rpm
852,1486.6150200692757,rpm
853,1504.7415422749477,rpm
854,1490.506659249837,rpm
855,1503.0052684708344,rpm
856,1532.7610427676227,rpm
857,1525.2207974888327,rpm
858,1499.8670507519453,rpm
859,1511.4786760899542,rpm
860,1489.1471303978788,rpm
861,1491.905578111985,rpm
862,1507.7073246587322,rpm
863,1496.8255776143958,rpm
864,1497.276598593448,rpm
865,1519.50935900909,rpm
866,1518.2932615135314,rpm
867,1515.1390334013524,rpm
868,1464.292438087428,rpm
869,1501.031439406327,rpm
870,1519.916962984635,rpm
871,1491.8119552157566,rpm
872,1506.5721428694512,rpm
873,1503.243963398274,rpm
874,1501.1735529817945,rpm
875,1487.787151480978,rpm
876,1493.4482349299687,rpm
877,1508.130171460024,rpm
878,1481.6342656343243,rpm
879,1496.262693340536,rpm
880,1482.2278779765772,rpm
881,1509.0893067729278,rpm
882,1517.2418419415674,rpm
883,1477.7621236150596,rpm
884,1500.332190491213,rpm
885,1476.6963591118335,rpm
886,1481.792263287906,rpm
887,1515.2051982916826,rpm
888,1497.772957100006,rpm
889,1461.8422250269134,rpm
890,1475.8150612556412,rpm
891,1518.501811049863,rpm
892,1499.4444752026143,rpm
893,1492.0065230016257,rpm
894,1521.2477166711244,rpm
895,1486.4317377129025,rpm
896,1479.871691469927,rpm
897,1490.6736113588395,rpm
898,1503.5712551075578,rpm
899,1484.219604351746,rpm
900,1493.397387589461,rpm
901,1519.85081556094,rpm
902,1527.2103662479597,rpm
903,1498.5456948720343,rpm
904,1501.79561601547,rpm
905,1502.9495023334894,rpm
906,1510.2058317932738,rpm
907,1497.162239867578,rpm
908,1489.433094998196,rpm
909,1502.063043803565,rpm
910,1462.7302740505827,rpm
911,1520.3680797598083,rpm
912,1510.988362633006,rpm
913,1531.8580899265032,rpm
914,1501.239604007197,rpm
915,1496.1615926243317,rpm
916,1520.1917347350038,rpm
917,1508.498755299253,rpm
918,1472.822838525993,rpm
919,1493.7794981412892,rpm
920,1491.51621920183,rpm
921,1471.1643068549927,rpm
922,1502.4649228964186,rpm
923,1504.0089779989628,rpm
924,1477.6928452799932,rpm
925,1504.1931088690103,rpm
926,1489.059011577387,rpm
927,1506.5552136588783,rpm
928,1497.79233064076,rpm
929,1521.7022582825923,rpm
930,1554.623908900675,rpm
931,1519.2824406466134,rpm
932,1498.6191436321449,rpm
933,1495.9530153299304,rpm
934,1500.7757395409526,rpm
935,1469.7895172815943,rpm
936,1501.1491007172513,rpm
937,1510.9933239022428,rpm
938,1499.0288432085051,rpm
939,1507.9722064063099,rpm
940,1480.723613548816,rpm
941,1493.452496110554,rpm
942,1502.6398374409914,rpm
943,1516.9172023643112,rpm
944,1486.7246172396424,rpm
945,1499.8527163182132,rpm
946,1501.3640172749272,rpm
947,1512.43931087964,rpm
948,1496.950985940152,rpm
949,1507.6975056680778,rpm
950,1504.3889075268094,rpm
951,1493.2943801337328,rpm
952,1525.8319051789958,rpm
953,1512.7510953509734,rpm
954,1478.739058093946,rpm
955,1511.3169185394636,rpm
956,1489.2230953596647,rpm
957,1494.7267071779129,rpm
958,1489.2926539232324,rpm
959,1492.2250356845154,rpm
960,1506.0208998087764,rpm
961,1493.678547897643,rpm
962,1489.5487393741485,rpm
963,1487.757112948777,rpm
964,1485.8542297046001,rpm
965,1508.2028496534517,rpm
966,1501.3316454758344,rpm
967,1467.3684553746946,rpm
968,1477.441040967578,rpm
969,1520.5583071779563,rpm
970,1506.0199000900832,rpm
971,1492.6471771334943,rpm
972,1487.3109174777403,rpm
973,1495.780591632487,rpm
974,1538.923560885211,rpm
975,1509.3015523117465,rpm
976,1489.9882473313664,rpm
977,1497.0472124564624,rpm
978,1514.279949619193,rpm
979,1490.3348957802127,rpm
980,1508.7933391376143,rpm
981,1506.3319757426955,rpm
982,1498.7102916358747,rpm
983,1502.9657309082477,rpm
984,1507.6163467190543,rpm
985,1498.6956753542333,rpm
986,1518.1129527913438,rpm
987,1479.3807330191999,rpm
988,1505.5746258476431,rpm
989,1502.794763861226,rpm
990,1503.2547683700275,rpm
991,1481.709011370579,rpm
992,1493.911748276748,rpm
993,1468.0812942631574,rpm
994,1494.0424713943319,rpm
995,1502.1582696209616,rpm
996,1493.8514684792874,rpm
997,1494.2955406271867,rpm
998,1482.4627414315464,rpm
999,1523.9789278439455,rpm
