time,rms_x,rms_y,unit
0,1.9043589580552844,2.5643006715359267,mm/s
1,1.8417937298715612,2.478650716299466,mm/s
2,1.9254589627807492,2.5045055066049207,mm/s
3,2.0206716075350744,2.499507282099147,mm/s
4,2.1102547721102662,2.554794310585042,mm/s
5,2.0703806498859363,2.3708616653603802,mm/s
6,1.9834744330775145,2.7276818521743724,mm/s
7,2.0568340203007702,2.3531803821015007,mm/s
8,1.9771362787536795,2.3038408445183,mm/s
9,1.9657688133595683,2.4995424661757353,mm/s
10,2.074160280675231,2.609640967456911,mm/s
11,1.947143247311083,2.452237787668744,mm/s
12,2.03837300738607,2.353261212556815,mm/s
13,1.8999063535664111,2.513282171782563,mm/s
14,1.9052621140874018,2.5659500908620756,mm/s
15,1.9649981997299995,2.4205705629840035,mm/s
16,2.0148343733660625,2.539802526409693,mm/s
17,2.14934152686431,2.4545944221507883,mm/s
18,2.0526795227876136,2.5538504788597858,mm/s
19,1.9198965293508108,2.5912368412830817,mm/s
20,1.90505748591098,2.4767374387673646,mm/s
21,1.99834375707565,2.574990992783966,mm/s
22,2.0463705290361527,2.541043129192701,mm/s
23,2.0420539671460918,2.314496159392608,mm/s
24,1.9832528801445333,2.5407888430540675,mm/s
25,2.0958102008174055,2.600782637011334,mm/s
26,1.988493844242999,2.5239057391338586,mm/s
27,2.0900456986175384,2.6513717487964676,mm/s
28,2.14064621514696,2.7159510757534835,mm/s
29,1.8555158854831817,2.712854403852978,mm/s
30,1.8617837848580179,2.746531365377083,mm/s
31,2.1186752941316214,2.688967473408745,mm/s
32,1.9611779989913194,2.487146289770739,mm/s
33,1.9837438853359617,2.2727843415273923,mm/s
34,1.927933636669168,2.4154180765587387,mm/s
35,1.9205158716495376,2.543493821550212,mm/s
36,1.9875384414417316,2.557388385590754,mm/s
37,2.025436177871399,2.5438795023317624,mm/s
38,2.0769167630633056,2.478901749619564,mm/s
39,2.0266388586300486,2.556111379787904,mm/s
40,1.9030745876983481,2.66079305015408,mm/s
41,2.125625790827134,2.5169877084453587,mm/s
42,2.1199165983309722,2.4948289335971294,mm/s
43,2.0802669659177155,2.5527934549347844,mm/s
44,2.099859580785203,2.387292683263266,mm/s
45,1.8914421509801853,2.27810602398856,mm/s
46,2.0521137962403495,2.4528998604630488,mm/s
47,2.0817501774203064,2.35088866878715,mm/s
48,2.0462622282830036,2.70709678837087,mm/s
49,2.1047292469274765,2.4285267099115546,mm/s
50,2.0954105964967593,2.532889544765005,mm/s
51,2.1020141468919804,2.44315726238381,mm/s
52,1.8952489655771103,2.4054580060889057,mm/s
53,2.253447886530536,2.377354974636366,mm/s
54,2.0625948847733038,2.34671992855493,mm/s
55,1.8168885640392582,2.5431562719102083,mm/s
56,2.016245435943422,2.450864448433916,mm/s
57,2.1427447308452097,2.7974528783002506,mm/s
58,1.9152453384475203,2.4446727261572962,mm/s
59,1.9425129036502025,2.3052524636523715,mm/s
60,1.9716227697873463,2.5605911401842354,mm/s
61,2.081045168885108,2.4988690240362352,mm/s
62,1.9793482209663906,2.6123370080042343,mm/s
63,1.8958254175569358,2.637606122080685,mm/s
64,1.9884801656068878,2.3228045783754916,mm/s
65,1.9811940646486297,2.5404241222035977,mm/s
66,1.8811930130827212,2.533925066279909,mm/s
67,1.8266613505207931,2.516740390016523,mm/s
68,1.981469592984912,2.351834643048993,mm/s
69,1.979759836701068,2.525027862656627,mm/s
70,2.013710905014944,2.4144052350831964,mm/s
71,1.9116639850194381,2.45530544914235,mm/s
72,1.990737716485501,2.626195360361067,mm/s
73,1.8738152278658327,2.397480428215602,mm/s
74,2.1558039227728467,2.56977096431546,mm/s
75,2.147212561014139,2.430532308537404,mm/s
76,2.1008765326471233,2.451291601933621,mm/s
77,2.011295532184406,2.419870840843219,mm/s
78,2.114682364695489,2.5990901054571984,mm/s
79,2.033278647221284,2.3492435652474306,mm/s
80,2.094835503712495,2.5221025874569447,mm/s
81,2.0578060099139543,2.7022875949862075,mm/s
82,1.9357386660833404,2.3391714503155505,mm/s
83,1.8998707964787294,2.554326727249167,mm/s
84,1.8994549792091446,2.5231790254396977,mm/s
85,1.9528576714501085,2.580888844378822,mm/s
86,2.2208663359081555,2.4399691572824858,mm/s
87,2.1948193148904442,2.5683188398964782,mm/s
88,2.1443400188729593,2.151525212742365,mm/s
89,1.8146957689694256,2.5825279795514544,mm/s
90,1.97137899385098,2.5607284022050067,mm/s
91,2.158133899745989,2.4413727656268764,mm/s
92,2.0437821000175687,2.5539402565889033,mm/s
93,1.93121780706612,2.318782419712017,mm/s
94,2.2608064159283336,2.4789471938206797,mm/s
95,2.0126600330709774,2.4975435169510543,mm/s
96,2.122295375478578,2.4948320733462377,mm/s
97,2.065754030589211,2.4944661101821635,mm/s
98,1.9949356593939822,2.543200235943204,mm/s
99,1.9803578049746062,2.833306579742033,mm/s
100,1.9193706546920724,2.490051624144544,mm/s
101,1.8614870661585496,2.616896173334736,mm/s
102,2.0699322313122437,2.4247036177436905,mm/s
103,2.0158771852743267,2.518237075691618,mm/s
104,1.9124019682417148,2.488869864173658,mm/s
105,1.8405441325396286,2.5800541499049814,mm/s
106,2.0139887008891586,2.4873855510934346,mm/s
107,2.016032809798745,2.3317036502422823,mm/s
108,1.9990868370948807,2.5644928422456137,mm/s
109,2.0868712562518015,2.493594843555321,mm/s
110,2.148860098600578,2.4185190796576617,mm/s
111,2.0866976334680873,2.37832253478163,mm/s
112,1.8498383417995035,2.5190039018783867,mm/s
113,2.09557610866088,2.4924143002424937,mm/s
114,1.9793992362771962,2.581975723498465,mm/s
115,2.050982567359019,2.5637775487498007,mm/s
116,2.0666149233831543,2.6337520326122363,mm/s
117,2.015166072447934,2.448455912918039,mm/s
118,1.9400201751007167,2.507993071478675,mm/s
119,1.9809941050854987,2.5992890712624828,mm/s
120,2.1743890734044347,2.3027233387291464,mm/s
121,1.9863729636608662,2.51017067133886,mm/s
122,2.0343974637815263,2.402331272526141,mm/s
123,1.869886662087253,2.4765754313604442,mm/s
124,1.9923854969787531,2.280874155803097,mm/s
125,1.9974442912348622,2.5785436677161235,mm/s
126,1.983858855548657,2.787564937614576,mm/s
127,1.8132282662480006,2.6045937363421716,mm/s
128,2.1996967651520807,2.7413128457799094,mm/s
129,2.1341848784830697,2.457412758184996,mm/s
130,2.0132060740163085,2.510980675949926,mm/s
131,2.0856544354926347,2.2232060726411342,mm/s
132,1.7854357093385298,2.25391492284595,mm/s
133,2.041707188619683,2.453255137099331,mm/s
134,1.8978379464296755,2.5547440478154138,mm/s
135,1.9845592146072388,2.41859231436235,mm/s
136,2.0315432866172665,2.7090130191794195,mm/s
137,1.9237226918330788,2.4586037223419397,mm/s
138,1.8805184573784646,2.4142404475125967,mm/s
139,2.041959485762797,2.5676824983949684,mm/s
140,2.0466586058660425,2.53811292352439,mm/s
141,2.0329349982220952,2.644219022136399,mm/s
142,1.8081254292275073,2.5393160577642937,mm/s
143,1.9990968425530338,2.5500641192420885,mm/s
144,1.8816548110090152,2.3856322816734075,mm/s
145,1.8876846383987111,2.362371567250759,mm/s
146,2.0558755619880413,2.672185082128683,mm/s
147,2.0593311503714444,2.393985229310168,mm/s
148,1.9394780000236729,2.521558498329402,mm/s
149,1.8060803802935543,2.455318262364421,mm/s
150,1.8524747523797602,2.6413530742594804,mm/s
151,1.8899286026589317,2.443812167208263,mm/s
152,1.8928350239680731,2.534643543214003,mm/s
153,2.0212024945376794,2.617958236197946,mm/s
154,1.9854043209228975,2.3609595507385412,mm/s
155,1.9909291078355034,2.5312145876913674,mm/s
156,1.9623064983012022,2.436797111657025,mm/s
157,1.9876086078668453,2.5471714931848393,mm/s
158,2.072804306803971,2.4924227045003353,mm/s
159,1.8690150869455384,2.4840236138515475,mm/s
160,1.9028361044955553,2.598163901014929,mm/s
161,1.8588177083943964,2.556854136522686,mm/s
162,1.9603549300445957,2.429521905809756,mm/s
163,2.053511771686437,2.5162635587418327,mm/s
164,1.9433952001947605,2.5499154199504708,mm/s
165,1.9749661665556686,2.7393623572063137,mm/s
166,2.0403744124022856,2.5205132988997216,mm/s
167,2.0988238753497983,2.5006681104093285,mm/s
168,2.072149583811951,2.4991633477756103,mm/s
169,2.0273033631038553,2.6841596335898874,mm/s
170,1.9255484247804402,2.6547347459844346,mm/s
171,2.0105307122703517,2.7054903116012894,mm/s
172,1.912959080134978,2.596425317249525,mm/s
173,2.1721564124806663,2.6188607555617813,mm/s
174,1.8015920438727058,2.3602571794029585,mm/s
175,2.0973325858562784,2.6703212459459467,mm/s
176,1.9586700619142243,2.6495556086645378,mm/s
177,1.8242526968773292,2.4976191160956134,mm/s
178,1.809761682147636,2.287183656242832,mm/s
179,1.9867094158359946,2.493334318787816,mm/s
180,1.948228150691442,2.3942943405672104,mm/s
181,1.9302420275838967,2.2750657687567757,mm/s
182,1.927719176064132,2.2295978325776145,mm/s
183,1.9139104333378685,2.206105930356116,mm/s
184,2.1439670462075533,2.6271206468141552,mm/s
185,1.9883881301329076,2.3471774566503902,mm/s
186,2.009224793408858,2.5013443166291283,mm/s
187,2.0086621246663467,2.573706122312501,mm/s
188,1.9965058850071224,2.5429825157952797,mm/s
189,1.7294289716663693,2.413311466834897,mm/s
190,2.028672386307992,2.408896599256336,mm/s
191,2.0503456171491425,2.457584532178709,mm/s
192,1.9596655691145966,2.4811476217768704,mm/s
193,2.1053446791348214,2.639105893966161,mm/s
194,1.9630195705345654,2.3713071589220913,mm/s
195,1.9996245974103366,2.411380835848571,mm/s
196,2.0576411496978437,2.840435930964466,mm/s
197,1.8921200170716816,2.6329682457265755,mm/s
198,1.9572454118699536,2.4289849023064347,mm/s
199,1.9741208630345841,2.3357147066093495,mm/s
200,1.997156563174315,2.60909416863776,mm/s
201,2.0636653918373242,2.715741429025721,mm/s
202,1.866540627557503,2.5552364758504256,mm/s
203,1.8369664355006932,2.3715568559348883,mm/s
204,1.9942987322663472,2.6251116750374566,mm/s
205,2.230962443295015,2.2811954949621143,mm/s
206,2.196500776735863,2.5412688368587815,mm/s
207,2.0766722227158794,2.648829978396442,mm/s
208,2.156940982987288,2.59278551829764,mm/s
209,2.07089277982158,2.550024981528413,mm/s
210,2.064839058650122,2.4635338431720015,mm/s
211,2.0569596055052313,2.345077892185904,mm/s
212,1.8515435827864335,2.638191823071944,mm/s
213,2.0741333093544894,2.5747522686207174,mm/s
214,1.9351445133310983,2.2993195631832286,mm/s
215,1.85812241552308,2.2572662653899505,mm/s
216,1.7711530450502924,2.421525822141299,mm/s
217,1.8762344472040091,2.523366255717939,mm/s
218,1.8834989336489905,2.553256660686321,mm/s
219,1.987808981443409,2.5857498926614477,mm/s
220,1.9602834547313202,2.5351899618211795,mm/s
221,1.866037189798607,2.4306600177430693,mm/s
222,1.883303129807568,2.3482828290998903,mm/s
223,1.9006416876257837,2.6313792203233,mm/s
224,2.088195537495962,2.425107663188578,mm/s
225,2.112301260461151,2.385762277239243,mm/s
226,1.8959083946472601,2.341886493034092,mm/s
227,1.9682109434122066,2.5216555113033237,mm/s
228,1.9817875377056873,2.5095783511593295,mm/s
229,1.8262168014900406,2.609287051920648,mm/s
230,1.9729685664041539,2.6256087182512964,mm/s
231,2.1462915723733764,2.6901181658074043,mm/s
232,2.0737687640959215,2.6556046379818206,mm/s
233,1.9325852449810508,2.6420632433089954,mm/s
234,2.053198135634538,2.620838456619054,mm/s
235,2.0116278807551673,2.6024716708478697,mm/s
236,2.0233641643650455,2.3041933120729325,mm/s
237,2.1205998757400213,2.4600105275022175,mm/s
238,1.9228423464674074,2.311364243722301,mm/s
239,1.9525795853401076,2.549148359389664,mm/s
240,1.9576577034063,2.4131415045509432,mm/s
241,1.9528334531864493,2.6339849867098484,mm/s
242,1.890381162315336,2.6838715762386687,mm/s
243,1.9856696593551102,2.275995053436532,mm/s
244,2.1036351109468314,2.4438890878735062,mm/s
245,2.0565181768094263,2.5353135214408673,mm/s
246,1.9793442082109305,2.3721231116039103,mm/s
247,1.9948989582603334,2.292496410566631,mm/s
248,1.9615248331178792,2.682044756132714,mm/s
249,2.02696707382801,2.6300486449099254,mm/s
250,1.9286816462243976,2.479864164730807,mm/s
251,1.995170631568486,2.406185835847272,mm/s
252,2.0307409112844144,2.5611780524476333,mm/s
253,1.988883631264755,2.573834592590363,mm/s
254,2.208233200946826,2.159105210938809,mm/s
255,2.027099276946056,2.18105636796238,mm/s
256,1.9276633711634679,2.49362756431521,mm/s
257,1.9915772911332026,2.516440480768904,mm/s
258,1.806690989615426,2.6168372261518034,mm/s
259,2.082958159993925,2.4892858349067346,mm/s
260,1.98636000592048,2.5767388404701768,mm/s
261,1.978121382979095,2.54137415964971,mm/s
262,1.8538654655704665,2.525258039456747,mm/s
263,1.8863713723239877,2.428771254755511,mm/s
264,2.1204211536194486,2.482603838185515,mm/s
265,2.0339421415097667,2.4472990538513013,mm/s
266,2.1848006456154256,2.3961669191629564,mm/s
267,1.965681844326688,2.4959706412467875,mm/s
268,1.9877365939948348,2.431525314585184,mm/s
269,2.1320446242123876,2.474643295321288,mm/s
270,1.9356689955247108,2.613140504529553,mm/s
271,2.086718078170409,2.544750232949654,mm/s
272,1.9543140238937131,2.4777487638306535,mm/s
273,2.05463547500368,2.457939460644823,mm/s
274,2.131340889491199,2.4877195348490195,mm/s
275,2.059235766086212,2.3765662377663896,mm/s
276,1.8822033827951241,2.5263728145828703,mm/s
277,2.187346576406976,2.35389592080951,mm/s
278,2.0021331803951883,2.4887982014819467,mm/s
279,1.7959479533872913,2.5059741421668655,mm/s
280,2.093937278916897,2.5479231456139897,mm/s
281,2.047898197448357,2.3273060011520332,mm/s
282,2.046018891922989,2.5975967675905025,mm/s
283,1.8839534939273919,2.4011722031389513,mm/s
284,2.1177715853764307,2.5090809507159206,mm/s
285,1.8559415006740063,2.5713645784420884,mm/s
286,1.9246347884885933,2.5363194380049343,mm/s
287,2.0456240274914137,2.299575524482419,mm/s
288,2.05498935062063,2.7143538777960274,mm/s
289,2.171607300701783,2.5192534641110838,mm/s
290,1.8759404162567705,2.365143523082481,mm/s
291,1.9274131252813695,2.5970278322180578,mm/s
292,1.8196160869496594,2.611658836497529,mm/s
293,1.9572142183386276,2.530528947415614,mm/s
294,2.0376010228909114,2.588184207930396,mm/s
295,1.9623220741487746,2.644425092502926,mm/s
296,1.9294692143311136,2.3931458553514977,mm/s
297,2.041890502919878,2.7709949039221176,mm/s
298,2.1027625521946502,2.492946294201589,mm/s
299,2.181832342505061,2.5175481558804376,mm/s
300,2.0590161825623903,2.4346196047338653,mm/s
301,2.106846305964284,2.596969612412388,mm/s
302,1.9467470716150164,2.6702203106808806,mm/s
303,2.0523910096575606,2.3649209587510662,mm/s
304,1.8489072135311186,2.6361781692421533,mm/s
305,1.918036841538587,2.4718639330817656,mm/s
306,2.0847893642390383,2.1842809565000914,mm/s
307,2.11193621271986,2.4326241091899266,mm/s
308,2.2501449938785862,2.549758382120533,mm/s
309,1.96783290726643,2.333589151226146,mm/s
310,2.1122698080781768,2.4201610597752765,mm/s
311,1.845121068207377,2.4955322914161737,mm/s
312,2.0306248862439897,2.4013758803829997,mm/s
313,1.8402591230614387,2.469120450428457,mm/s
314,2.0719971106956985,2.657903948878424,mm/s
315,2.0243633422864393,2.5886572364232285,mm/s
316,2.0253837395521956,2.559007210072993,mm/s
317,1.8355129075999868,2.6514074525738924,mm/s
318,2.055167318097877,2.479158378598518,mm/s
319,1.9766223371489653,2.3543223881921054,mm/s
320,1.9922155796654473,2.3837843466673734,mm/s
321,1.9093884310096472,2.4545147707795376,mm/s
322,1.9174433831832265,2.5530960514306034,mm/s
323,2.083188530818441,2.628057184926356,mm/s
324,2.007393638374267,2.1442396960093935,mm/s
325,2.165569284498415,2.3551804949593604,mm/s
326,2.1293342948110774,2.7848510802676882,mm/s
327,1.9974158216936413,2.1682849087476663,mm/s
328,1.9880874377866635,2.5726581357466345,mm/s
329,2.0342721783367224,2.705818771301569,mm/s
330,1.977500227910271,2.3749736439624898,mm/s
331,1.9478757267702278,2.464384993020685,mm/s
332,1.918523522050551,2.4963574687442383,mm/s
333,1.954407079518419,2.541261544295975,mm/s
334,2.0493854350825376,2.391080885974621,mm/s
335,2.036362759284542,2.404767063180169,mm/s
336,1.9459813934666101,2.503111379337151,mm/s
337,1.9612226715532284,2.442478699176841,mm/s
338,2.03945558535481,2.503928430289229,mm/s
339,1.805883269509853,2.4829653420080717,mm/s
340,2.079703827119782,2.5125092232039994,mm/s
341,2.1761175050096013,2.64721552937202,mm/s
342,2.032791837090925,2.575441807012449,mm/s
343,1.9729622690036162,2.5670053183735875,mm/s
344,1.917762053547519,2.455982489722373,mm/s
345,1.8971423268754828,2.4499702694950725,mm/s
346,2.0297613859167716,2.6171825177962043,mm/s
347,1.7693357574554067,2.367797240593272,mm/s
348,1.8936922745371887,2.666135690915266,mm/s
349,2.002798696960761,2.5783921908616962,mm/s
350,1.8893927909951553,2.6721037296043755,mm/s
351,1.9416719161528375,2.409568237675074,mm/s
352,2.0648446669544462,2.413809998421939,mm/s
353,1.8625992196432837,2.4339045052663577,mm/s
354,1.9995737388571047,2.592068601739383,mm/s
355,1.9459595767850466,2.449643807673633,mm/s
356,2.0086467676423077,2.2024889030386925,mm/s
357,2.083304870982397,2.52982962203194,mm/s
358,1.9227279536509132,2.2984213131800373,mm/s
359,2.02835142235273,2.3291351827424833,mm/s
360,1.9686283505955777,2.4856207424460823,mm/s
361,1.9201605600307567,2.569198423730333,mm/s
362,2.1486673075269858,2.5555033106360634,mm/s
363,1.9747357840000643,2.740177762608752,mm/s
364,1.952298795132552,2.321898714527139,mm/s
365,1.9015717689576355,2.5594821666733227,mm/s
366,2.0117885869274765,2.525167309681362,mm/s
367,2.1254164546147836,2.5587549708622737,mm/s
368,2.0741785471108503,2.4574579137088675,mm/s
369,1.9938138756773254,2.4080661060713315,mm/s
370,2.2291212355955548,2.4264239798840084,mm/s
371,1.987003547852226,2.5742110220657164,mm/s
372,2.1180260281155188,2.4629830824943504,mm/s
373,1.86568065898891,2.56366881374216,mm/s
374,2.1027285762049948,2.5417743353297104,mm/s
375,2.015290569438365,2.321710567872069,mm/s
376,2.0377555484937018,2.608884207146768,mm/s
377,1.916697378125199,2.5148784375044424,mm/s
378,2.057242392391256,2.439912881910899,mm/s
379,1.8726856067013071,2.7956065356830044,mm/s
380,1.9249293724435084,2.6482920529155987,mm/s
381,1.8948639544844603,2.3390930336045805,mm/s
382,1.987995365320444,2.539392414805784,mm/s
383,2.1175217027018904,2.6412918275192423,mm/s
384,1.985691947456798,2.2388765209260857,mm/s
385,1.8004926299635806,2.502997850659188,mm/s
386,1.8858961865610315,2.3607025253676555,mm/s
387,1.7609416182337263,2.443849405327547,mm/s
388,1.9384096340889612,2.466088489724193,mm/s
389,1.9767831630968913,2.3570260041622433,mm/s
390,2.0198843175001375,2.5337952732651523,mm/s
391,2.1430707198468264,2.386274318286538,mm/s
392,2.0448097973071504,2.439493609214349,mm/s
393,2.047805858428289,2.3737631289022243,mm/s
394,2.045163079322057,2.4247267311021155,mm/s
395,1.8483314950003122,2.3309746219606646,mm/s
396,1.8171232652566622,2.3305023028051624,mm/s
397,1.9920753404241112,2.2835213954982523,mm/s
398,2.0330501921406614,2.4811612487801327,mm/s
399,2.008492067257885,2.7052587737103098,mm/s
400,2.030125521228179,2.696619702508049,mm/s
401,2.1056395779146966,2.326968452753477,mm/s
402,2.035041383238494,2.469586047023347,mm/s
403,2.202877876299956,2.390984102277463,mm/s
404,1.9965176493393546,2.6800985772149355,mm/s
405,2.097808998824921,2.5448638787301494,mm/s
406,1.9738370856492984,2.580522724833472,mm/s
407,2.1258328036601575,2.3957085056041074,mm/s
408,1.8914078297627155,2.695774695450598,mm/s
409,2.0866184404919084,2.42162503327251,mm/s
410,2.1003399950767463,2.504177061547774,mm/s
411,2.0523897111742375,2.318026667796477,mm/s
412,1.9817181038856901,2.397777709117126,mm/s
413,2.067125201636552,2.3928402605509995,mm/s
414,1.963287694767696,2.652128497420144,mm/s
415,2.056100822173649,2.533190759876232,mm/s
416,1.8461417533799604,2.518683131478135,mm/s
417,1.9607785379822824,2.5261275700164014,mm/s
418,1.9881187802874125,2.5719109904558053,mm/s
419,1.9152609204164328,2.5042271405098915,mm/s
420,1.9190453878307516,2.476542068052113,mm/s
421,1.9497614686057767,2.3655706523894753,mm/s
422,1.916684387074599,2.6164355487145743,mm/s
423,2.1115705294220377,2.6477484547382275,mm/s
424,1.916600655950947,2.349096219094839,mm/s
425,1.8617254561200578,2.687564661601364,mm/s
426,2.0068953891905266,2.5032111574669735,mm/s
427,1.9479742819393417,2.3343910771202867,mm/s
428,1.9130396527278906,2.6368932045807556,mm/s
429,2.0651574006714606,2.6737840612659403,mm/s
430,1.8214333395193067,2.55944948761483,mm/s
431,1.9050330057194107,2.4893836416050092,mm/s
432,1.995702304580161,2.435073372826271,mm/s
433,1.85340714884283,2.4665798023965384,mm/s
434,2.1942585995127395,2.3937595354321632,mm/s
435,2.033742817892709,2.4786688372549555,mm/s
436,2.1133702447045364,2.57934242408376,mm/s
437,1.8943806168908366,2.694335788457738,mm/s
438,2.041886875075237,2.20336700776085,mm/s
439,1.8898145706955103,2.452670575549907,mm/s
440,1.9989705449335353,2.2509790204431352,mm/s
441,1.8840623176578013,2.6125175259774056,mm/s
442,1.8646384399250506,2.773576080570431,mm/s
443,2.1671786774915685,2.558242083511412,mm/s
444,1.8772675151192941,2.3777422847201777,mm/s
445,1.732838519886475,2.496098626816491,mm/s
446,2.0791160414405376,2.5574147943478938,mm/s
447,2.1084717917909526,2.4830950315959,mm/s
448,2.079393152645404,2.613646428901319,mm/s
449,2.0859297903488745,2.5387481491462864,mm/s
450,1.8864290126178855,2.5902188640527295,mm/s
451,2.129987232345088,2.674964806240846,mm/s
452,2.1387373680515327,2.7662152930993194,mm/s
453,2.016550442419932,2.468746644824079,mm/s
454,2.0866904777026543,2.5884418618184695,mm/s
455,2.1192010950296045,2.3934130477027185,mm/s
456,2.152642120404235,2.3315318464463664,mm/s
457,1.758275419408317,2.6015155895705573,mm/s
458,1.8801915156979039,2.4976686871989946,mm/s
459,2.081445508075571,2.5071679049999895,mm/s
460,1.8181287359861846,2.6130766682961606,mm/s
461,2.0125753696332085,2.3927824236412345,mm/s
462,1.8930060014930563,2.617698752725984,mm/s
463,1.8223133057914236,2.454621772089179,mm/s
464,1.9226640914442408,2.3988349037425065,mm/s
465,1.9029049135503915,2.5412875083563584,mm/s
466,2.0770739849598736,2.4068022453228295,mm/s
467,1.969738006874307,2.2061257325399173,mm/s
468,2.0101156852603546,2.6121955207857277,mm/s
469,2.059724353482049,2.4628876427385076,mm/s
470,1.860833394689015,2.306830533278955,mm/s
471,1.9896565169700269,2.374019982302227,mm/s
472,2.0609227265357397,2.7175735243990866,mm/s
473,2.063633450614061,2.326012808199256,mm/s
474,1.853934381313619,2.4859023281374886,mm/s
475,2.056723465583146,2.5190615976272,mm/s
476,2.1159025435433154,2.664635893983279,mm/s
477,2.0009459374757825,2.518026725659108,mm/s
478,1.8779851836787718,2.5824052818783603,mm/s
479,1.9880901330107152,2.5534649018538533,mm/s
480,2.074757025043779,2.4813783738301023,mm/s
481,1.9810871891540838,2.536810689866085,mm/s
482,2.0329505181826875,2.308258412159981,mm/s
483,1.9962131521560467,2.4535806380251715,mm/s
484,2.132597107464949,2.8140738235006477,mm/s
485,1.916542277973569,2.615524305898607,mm/s
486,2.008183290050675,2.6579329258793836,mm/s
487,1.7498637738117855,2.601640672510117,mm/s
488,1.8881479147226754,2.6959156966161584,mm/s
489,2.0762591076254457,2.4907193887646883,mm/s
490,2.030537812847008,2.5832005982028865,mm/s
491,1.859498306366065,2.1773576909348664,mm/s
492,1.7649876093222427,2.6403637254692205,mm/s
493,2.059718628056236,2.518174222354426,mm/s
494,1.9019241500692103,2.3484997961836207,mm/s
495,2.019670957427565,2.3648175892732346,mm/s
496,1.9276641483621855,2.5996416780081764,mm/s
497,1.9790399168898911,2.462344862501143,mm/s
498,2.1617346390084364,2.4866005818573447,mm/s
499,2.016220433301855,2.5671991860725853,mm/s
500,2.1200451342202045,2.261426479777496,mm/s
501,1.9870462833830675,2.7375439529162042,mm/s
502,1.826988825345182,2.4582135901380915,mm/s
503,2.0736706537409737,2.385351340332485,mm/s
504,1.9398473859709315,2.459781288287454,mm/s
505,2.0409224563089157,2.387398140155461,mm/s
506,1.775935701312582,2.684818922011768,mm/s
507,1.8568473408586408,2.285595085281085,mm/s
508,2.1333678675699796,2.24876123281589,mm/s
509,2.129490922727945,2.5560343181789804,mm/s
510,2.076189215237002,2.60948716248497,mm/s
511,1.8132746229479064,2.592486645351499,mm/s
512,1.9194733850043304,2.318645172060164,mm/s
513,1.9331211665309984,2.315184200916728,mm/s
514,2.1033219254047446,2.498524124264169,mm/s
515,2.0101106102930517,2.4364538383337777,mm/s
516,1.8257731452277612,2.431017400369805,mm/s
517,2.0799300338591675,2.4742881090484063,mm/s
518,2.0023501103319936,2.66135677781237,mm/s
519,1.9770155859814402,2.3872159463228106,mm/s
520,1.84923405218004,2.5192602176451335,mm/s
521,2.043362539274533,2.5208931915171626,mm/s
522,1.7071696366380107,2.3273588425565146,mm/s
523,1.9927417604598965,2.540320325322463,mm/s
524,1.9193613367667264,2.7468748304249186,mm/s
525,2.0977138674768945,2.422521312869556,mm/s
526,1.933541887999267,2.550168919631094,mm/s
527,1.89674521343471,2.5629436635377365,mm/s
528,1.9277561589686079,2.508551761663568,mm/s
529,2.036767446666262,2.4753847923046455,mm/s
530,2.051886320399143,2.3974576582669935,mm/s
531,1.9036525841287772,2.2875549366928016,mm/s
532,1.886309798653406,2.6010006870261004,mm/s
533,2.089299425789196,2.508656137080906,mm/s
534,1.8105696221588197,2.589154851229397,mm/s
535,1.9664848055473219,2.5275209102061758,mm/s
536,1.9970698719127449,2.441519340208414,mm/s
537,2.102164491522324,2.4321008083329865,mm/s
538,2.0408158396498304,2.425068272924158,mm/s
539,2.2333652567070907,2.3826689548404154,mm/s
540,1.9522106481709,2.4327282956316174,mm/s
541,1.6847305622213162,2.5972283573172676,mm/s
542,2.117055327364823,2.3041692784684624,mm/s
543,2.029990541771002,2.3759972602097013,mm/s
544,2.046180917663846,2.430853826559654,mm/s
545,2.1210634005389717,2.4425916824984273,mm/s
546,1.896157512639671,2.3460360495079735,mm/s
547,1.9879484679433501,2.421955903281461,mm/s
548,1.822408157853008,2.4262376055895354,mm/s
549,1.898239520369065,2.4772156868097133,mm/s
550,2.012112776575058,2.4703870737529052,mm/s
551,1.9899894232076898,2.7951533044562424,mm/s
552,1.8986672326828617,2.436756108172931,mm/s
553,1.940238690128056,2.7037210861873757,mm/s
554,1.978409698477482,2.6363403336314875,mm/s
555,1.9886528988672834,2.4183816134490512,mm/s
556,2.10909818069056,2.3825308122850286,mm/s
557,2.0355185614862243,2.5812175723591877,mm/s
558,2.1163395927196285,2.4508815570876124,mm/s
559,2.0072492997974565,2.554651069077228,mm/s
560,1.8932551780687767,2.667722743992447,mm/s
561,1.9919779748489288,2.287394951805585,mm/s
562,1.9568509419390914,2.488692614700118,mm/s
563,2.101111656203729,2.441871724242859,mm/s
564,1.9704695437988677,2.4992802056360652,mm/s
565,1.9645862851557447,2.53634916937386,mm/s
566,1.9350801714998302,2.3948133161191274,mm/s
567,1.883008687145268,2.6169223535720176,mm/s
568,1.8557914458922085,2.0776848750173085,mm/s
569,1.9709497133955214,2.558957268770224,mm/s
570,1.9377178543920566,2.452540186089063,mm/s
571,2.0854990782421523,2.531597393141111,mm/s
572,1.9149140417056258,2.325735936063977,mm/s
573,1.8028259389309462,2.484182641045579,mm/s
574,2.051706696267619,2.5368167608088434,mm/s
575,1.8714104190384993,2.581742569231271,mm/s
576,1.9032586267299887,2.4919963951469093,mm/s
577,1.9305523804976215,2.547299713277534,mm/s
578,2.0402321995518156,2.60806707082644,mm/s
579,1.9383441117286824,2.3374383233597933,mm/s
580,1.8013305431416868,2.591800986744018,mm/s
581,1.9766533697756221,2.2766273830882415,mm/s
582,1.9632477919881315,2.674861678861102,mm/s
583,2.0946674505913294,2.5742729165869953,mm/s
584,2.098080148972187,2.5302530968589187,mm/s
585,2.000939402430083,2.5845581753501516,mm/s
586,1.994655441909002,2.619853811938375,mm/s
587,2.013638086801941,2.7833450436184455,mm/s
588,2.0207853326047,2.5343521375926548,mm/s
589,2.0117482914999214,2.4092607724539996,mm/s
590,2.0115435591734263,2.3655838700739116,mm/s
591,1.9639303501622534,2.3392020742967525,mm/s
592,1.959266661227268,2.4949828040038,mm/s
593,1.994088588186615,2.296939197359008,mm/s
594,2.054203523071237,2.4356882930780976,mm/s
595,1.9544824507670093,2.7112953716995225,mm/s
596,1.955916206668696,2.576448281042337,mm/s
597,2.0906978702812586,2.4951637673960945,mm/s
598,2.067161930776617,2.619642779419325,mm/s
599,1.8676556339398347,2.6948457168000903,mm/s
600,2.01845930234291,2.4825359816956007,mm/s
601,2.1125849165656816,2.4639487657192887,mm/s
602,1.9511878725450327,2.613355221222535,mm/s
603,1.9182588156384826,2.4709567403359474,mm/s
604,2.0554390571000503,2.4404440669166436,mm/s
605,2.0665763230479914,2.4347754512902777,mm/s
606,2.063253688541961,2.4946488154629147,mm/s
607,2.0235547795278284,2.0259189504850874,mm/s
608,2.056462883155926,2.6834494051785596,mm/s
609,2.0373233494865697,2.371702290326498,mm/s
610,2.0071431149714627,2.391140358400468,mm/s
611,2.0060813072518675,2.467479085455711,mm/s
612,2.0476245201327488,2.4971629936556274,mm/s
613,1.9575336837480497,2.518371998460269,mm/s
614,1.9425670265010537,2.4459355296614045,mm/s
615,1.9830049251355761,2.552735299599109,mm/s
616,1.949397026285861,2.4832652402336977,mm/s
617,2.08424385292273,2.580064074790561,mm/s
618,1.862569197666215,2.5896293778599766,mm/s
619,1.9799921167145544,2.464814383683384,mm/s
620,1.8446905700852854,2.345652837877761,mm/s
621,1.9596789485167256,2.5943304407197187,mm/s
622,2.206800129258258,2.471711460575353,mm/s
623,1.9142972537013756,2.4936171848517072,mm/s
624,2.0337764554270614,2.557264027641422,mm/s
625,1.9368696796639568,2.6743610428209186,mm/s
626,2.0608839804418704,2.4696749579773214,mm/s
627,1.9744256562298137,2.427648302999933,mm/s
628,2.0227377385583605,2.5674890417606324,mm/s
629,2.0198268878494066,2.431001860348023,mm/s
630,2.05052533426142,2.2382396701084115,mm/s
631,1.9901346422642638,2.547965254405007,mm/s
632,2.1148113923547984,2.516792242128099,mm/s
633,2.156194220938912,2.472450472349427,mm/s
634,2.2422383182893992,2.382153949661455,mm/s
635,2.1323236245289094,2.6489219104428017,mm/s
636,2.1356355915733047,2.3513694337708735,mm/s
637,1.8611739164893366,2.492113430349961,mm/s
638,2.0616147973084438,2.5565027974275214,mm/s
639,1.92512563060458,2.4487126246238926,mm/s
640,2.01456020607664,2.8573571195094734,mm/s
641,1.9997329633203156,2.671810332215336,mm/s
642,1.9876140314389834,2.655802655284681,mm/s
643,2.1262340882630117,2.523117149389643,mm/s
644,1.9317166489249975,2.344622410122572,mm/s
645,1.9896992141903904,2.6550091157259876,mm/s
646,2.080680164397203,2.6273502475102584,mm/s
647,1.8231622999434478,2.328176420106862,mm/s
648,2.0054732022526336,2.4905068020722747,mm/s
649,1.956264763382201,2.562841543375212,mm/s
650,1.8691302740341773,2.4951411129692866,mm/s
651,1.8379395675418648,2.3134086634109083,mm/s
652,1.8747408968782464,2.4452849946491746,mm/s
653,2.0659814521083986,2.690316642590855,mm/s
654,2.0223274660988904,2.257100178603647,mm/s
655,1.742464844920656,2.4494222817574127,mm/s
656,1.932952672986841,2.6506373621820343,mm/s
657,2.0338853711280596,2.5496302979782364,mm/s
658,2.008204258946507,2.528288558894721,mm/s
659,1.9164015841690945,2.593749153484328,mm/s
660,2.0049987387632413,2.4022057730288453,mm/s
661,1.9438909111497333,2.6940059870562925,mm/s
662,1.8314115781944027,2.8453088774459068,mm/s
663,2.0455310160433116,2.4628004972014947,mm/s
664,1.9315806454609086,2.618728525407248,mm/s
665,1.97242720589108,2.622997252897033,mm/s
666,1.8860712408752789,2.5206224997674154,mm/s
667,2.0025201145331595,2.402834425869521,mm/s
668,2.078733164474345,2.595366847903935,mm/s
669,2.057730923796264,2.2050802991468164,mm/s
670,2.018839392973155,2.4621331885123947,mm/s
671,2.1596219513182633,2.8275068722413534,mm/s
672,2.0699608469528665,2.362890890634302,mm/s
673,2.0565153076804923,2.466274766546785,mm/s
674,2.003337697887043,2.5783524591723994,mm/s
675,2.030507202712977,2.539945635290822,mm/s
676,2.081810645233985,2.3528697878974865,mm/s
677,1.9833051984862413,2.303514097050195,mm/s
678,2.0008110674621005,2.3773395973279436,mm/s
679,1.9274565610977181,2.324882482452553,mm/s
680,2.1270900286539507,2.3312607234788345,mm/s
681,2.1622062298550935,2.554521524187451,mm/s
682,2.0339823902369227,2.356788799744498,mm/s
683,1.9603975838393253,2.6361134733212297,mm/s
684,1.9176490388365215,2.530577812063627,mm/s
685,2.1117939570073885,2.5372387684753885,mm/s
686,2.01293749786163,2.615459285841962,mm/s
687,1.976300702927295,2.718110897284427,mm/s
688,2.0784789888844184,2.5039885820409102,mm/s
689,1.9942741968146465,2.397355900629688,mm/s
690,2.082180695403535,2.478925976276916,mm/s
691,1.9041011715853347,2.4823675164495254,mm/s
692,2.0217775457082903,2.3250345617559636,mm/s
693,1.9181821578802285,2.4728951461441233,mm/s
694,2.0871707543985583,2.471241937715697,mm/s
695,2.007835195080519,2.4515938169325278,mm/s
696,2.0974694193724956,2.702409267284457,mm/s
697,1.8967878535449518,2.514425822128856,mm/s
698,1.8216232335220273,2.480079724025894,mm/s
699,2.020798537108836,2.4391156577839865,mm/s
700,2.0734055849532376,2.531379630656279,mm/s
701,2.0745794945679146,2.3940530332481376,mm/s
702,1.900640616254101,2.422159530357311,mm/s
703,1.9897197161302733,2.3925190791737556,mm/s
704,2.058850330048983,2.702354874833782,mm/s
705,2.1206894584384286,2.2984880443287405,mm/s
706,2.037880944311948,2.5070784990450696,mm/s
707,2.1776687316343097,2.494276841449838,mm/s
708,1.9169205876335862,2.502758003993322,mm/s
709,2.0414321608367265,2.645340044838635,mm/s
710,1.9498049388372458,2.4131099783354264,mm/s
711,1.907919697816746,2.5192281712124136,mm/s
712,2.0095301988044936,2.4213835634505503,mm/s
713,2.015263610717007,2.605662217299339,mm/s
714,1.9989667297878515,2.352317368519605,mm/s
715,1.9361442273394829,2.349872613052502,mm/s
716,1.9633762658343181,2.3961857168605114,mm/s
717,1.905475544408084,2.610085176980978,mm/s
718,1.8947509041122585,2.65574667667378,mm/s
719,2.063001678891509,2.644308018833611,mm/s
720,2.0124556526091713,2.568387713873427,mm/s
721,2.1247626291185653,2.545703267693817,mm/s
722,2.0018840572006638,2.3939468576301883,mm/s
723,1.9193641167414617,2.3117748720985833,mm/s
724,1.816285175694601,2.741345946011004,mm/s
725,1.8897490770548728,2.410406381411609,mm/s
726,1.7885476660788333,2.562638558619213,mm/s
727,2.1020744336764845,2.6919730026949704,mm/s
728,1.9280234712110063,2.476903377719725,mm/s
729,1.9938712102603489,2.61364247415135,mm/s
730,1.771374418030558,2.662084365767679,mm/s
731,2.0514245340181403,2.503354346611933,mm/s
732,2.001342060614752,2.5627237642411647,mm/s
733,2.01792019915233,2.5655415143127045,mm/s
734,2.0508004815592944,2.4531761202945686,mm/s
735,2.0945484107257264,2.3730170505643473,mm/s
736,2.320179352340415,2.492045707345783,mm/s
737,1.9566234096984156,2.70229623849297,mm/s
738,2.020527113602342,2.805296199385477,mm/s
739,1.9046397171037175,2.3084383438061593,mm/s
740,1.9476605183229279,2.522026200558462,mm/s
741,1.9511612694374914,2.493983236490873,mm/s
742,2.0091826845435716,2.6243050464366284,mm/s
743,1.9113948348579046,2.560289012739857,mm/s
744,2.0311508757848347,2.4523295458689285,mm/s
745,2.01021150866389,2.549197075253249,mm/s
746,2.043432437268913,2.6909277998178043,mm/s
747,2.017477490314264,2.602106335845958,mm/s
748,2.1578413656166777,2.52038122125414,mm/s
749,1.942846191548551,2.304400899598297,mm/s
750,2.000225915748915,2.5416284709387327,mm/s
751,2.079065836223241,2.5348064220643467,mm/s
752,1.9032919434716018,2.654496343162335,mm/s
753,1.8946466247562606,2.511769425278298,mm/s
754,2.107461257385021,2.378829383786169,mm/s
755,1.9760389225385886,2.499451780617232,mm/s
756,2.0929073013937067,2.439195736988637,mm/s
757,1.9063693923366034,2.737534217426943,mm/s
758,2.0040825422050155,2.552164256059185,mm/s
759,1.8914323618802897,2.7322699817239724,mm/s
760,2.053718314129789,2.6728487311905385,mm/s
761,2.0482829868134056,2.7154849209845744,mm/s
762,1.9126975741616201,2.537353295371416,mm/s
763,2.008688996980023,2.506097764813855,mm/s
764,2.083801657217759,2.5103479161741387,mm/s
765,2.062417440325373,2.461365732034631,mm/s
766,2.097326240356043,2.6212924139346976,mm/s
767,2.0847313948578825,2.146200881412044,mm/s
768,2.0387548081291866,2.542721195069685,mm/s
769,2.088788283220383,2.540539728734555,mm/s
770,2.052809008230035,2.4548800282327816,mm/s
771,2.0416141750870684,2.371522596487136,mm/s
772,2.0293153389843885,2.7352965390690067,mm/s
773,1.9430616766069195,2.4119987791432402,mm/s
774,1.9346685378093653,2.5363923747120123,mm/s
775,2.0083889799449515,2.468291236496758,mm/s
776,2.056396339467178,2.6759988391135314,mm/s
777,1.9348733340046538,2.639448474235377,mm/s
778,2.1032045733876905,2.482570692165865,mm/s
779,2.206343540262394,2.4887975067954433,mm/s
780,1.9966638484699444,2.4233956586670673,mm/s
781,1.892419031956621,2.553044917975492,mm/s
782,2.04656657275842,2.4548595690591037,mm/s
783,1.9730871242560724,2.6381263621437316,mm/s
784,1.9381721154510478,2.5082269116942024,mm/s
785,1.9624339104729864,2.7332928729367136,mm/s
786,2.0440270188538547,2.239953850190102,mm/s
787,1.9840305801015476,2.7418945781348825,mm/s
788,1.9679938918880948,2.592136438634619,mm/s
789,1.950582804117207,2.6698275920819383,mm/s
790,1.9339531714241933,2.562381031979566,mm/s
791,2.036415315701482,2.439207074806771,mm/s
792,2.1049871242082316,2.4953890414880626,mm/s
793,1.9997491016961346,2.5034268100839854,mm/s
794,1.9728210192013955,2.361624917284597,mm/s
795,1.9871791362348266,2.7091512606879964,mm/s
796,1.9965609745883672,2.4315447905193,mm/s
797,1.900508996241321,2.5907331766642123,mm/s
798,1.9702771765112443,2.497629458881682,mm/s
799,1.9999314383298235,2.5708147503418424,mm/s
800,2.206266340915505,2.435987384975226,mm/s
801,2.0634070804972917,2.4707253231909054,mm/s
802,1.9212502535599307,2.419580682198957,mm/s
803,2.0180036444262472,2.6040158054452083,mm/s
804,1.9213285948956167,2.5188251173668452,mm/s
805,1.9878472696128981,2.7096532737004093,mm/s
806,2.001515390228335,2.4059640686116093,mm/s
807,1.8895625367771411,2.47075826537915,mm/s
808,2.0199534216814077,2.5588152888563283,mm/s
809,1.9612731366007694,2.6673705205991514,mm/s
810,1.9724820788874644,2.5908094678981453,mm/s
811,2.1000078135864895,2.3748746570832577,mm/s
812,2.2547680063200164,2.696501348789921,mm/s
813,2.033871826155702,2.4806784665250845,mm/s
814,2.0416347591348556,2.586118024065734,mm/s
815,1.895734969399069,2.3634645007815727,mm/s
816,2.030173987688801,2.53283550619528,mm/s
817,1.9668503128338715,2.3983709967927327,mm/s
818,2.0847361746391435,2.4123926525089736,mm/s
819,2.023032148994835,2.446247023984967,mm/s
820,2.037182168707034,2.4724900480911254,mm/s
821,2.1031374757244437,2.552518550087483,mm/s
822,2.0428946735575644,2.6462694175776478,mm/s
823,1.8849151335737129,2.2368320012619605,mm/s
824,1.8600823873604613,2.6088082056302144,mm/s
825,2.2301634575489526,2.554032356003013,mm/s
826,1.8704064204067565,2.681531059095226,mm/s
827,1.9970013322351392,2.4403143309639903,mm/s
828,1.8632301067055006,2.4710769203041107,mm/s
829,2.027333321362967,2.339215249329572,mm/s
830,1.9531645659351853,2.278282538032727,mm/s
831,2.011911373014002,2.5317636518498015,mm/s
832,1.9669666750673045,2.3055104418775665,mm/s
833,1.983416865528659,2.7076541171781576,mm/s
834,2.051102533213913,2.5942195574027505,mm/s
835,1.9903675473646252,2.5087312744784493,mm/s
836,1.8954092943296286,2.4318064586300925,mm/s
837,1.9094236164222038,2.477798885764774,mm/s
838,1.99264988187394,2.5646619239180732,mm/s
839,2.1455341035107334,2.5121670215093372,mm/s
840,2.069978421167095,2.467723937964307,mm/s
841,1.9080595890857255,2.5508455938370593,mm/s
842,1.781156183874044,2.505047683648054,mm/s
843,2.0721453906662344,2.4851202818687983,mm/s
844,1.9645013453376765,2.72710466132838,mm/s
845,2.0307599917901746,2.6288631393120045,mm/s
846,2.0399630401162083,2.634252253672976,mm/s
847,1.954013784166815,2.569838444886455,mm/s
848,1.780074131015628,2.4260281284896084,mm/s
849,1.913932274854835,2.5496566326209713,mm/s
850,2.0394098611271056,2.5856736173033834,mm/s
851,2.0800400555943734,2.302882180114012,mm/s
852,1.9225102755586727,2.660261487294694,mm/s
853,1.9578357357885035,2.39740116953354,mm/s
854,2.0983424716280314,2.496297299609898,mm/s
855,1.944562765528867,2.6593719547194867,mm/s
856,2.026521021227164,2.7259815838258663,mm/s
857,2.046086212609408,2.6796193953494973,mm/s
858,1.7868491042845236,2.584590303089622,mm/s
859,1.8879138859373636,2.4862828597544833,mm/s
860,1.9912184762360463,2.449385433936657,mm/s
861,2.0448425206271574,2.121937505200806,mm/s
862,1.9827720991796896,2.5016905951999666,mm/s
863,1.8653002928383418,2.3840761277111535,mm/s
864,1.9428938303130552,2.3767624306989577,mm/s
865,2.062499202267565,2.4525277523619153,mm/s
866,1.9272616763306698,2.6350554912389472,mm/s
867,2.11786860777523,2.4936984149525947,mm/s
868,1.866934533690015,2.392536302480244,mm/s
869,1.8373190442790768,2.5996496565009783,mm/s
870,2.0481394306730563,2.363863835632434,mm/s
871,1.9747177492236672,2.6601289300423154,mm/s
872,2.132239418374039,2.5286424485924877,mm/s
873,1.918992342992209,2.6339297779890867,mm/s
874,2.075106804192994,2.416834710477121,mm/s
875,2.2763960249075437,2.6572816720635974,mm/s
876,2.120622565723206,2.269690030036866,mm/s
877,1.9468173784058893,2.373415800593091,mm/s
878,2.12883145143642,2.4531736189473876,mm/s
879,1.948311372313303,2.5446500743402756,mm/s
880,2.0519629825754104,2.5540363901779903,mm/s
881,2.060750466123123,2.5791808384201733,mm/s
882,2.0297649444094463,2.634319084754482,mm/s
883,1.8745391836330532,2.311918349393657,mm/s
884,2.0123768084956146,2.4404878156832766,mm/s
885,1.9938288312890748,2.500326905380365,mm/s
886,1.8509045401654813,2.438579132072931,mm/s
887,1.893718095509397,2.8436786076208467,mm/s
888,1.996199589416122,2.436500750919451,mm/s
889,2.0366426016399473,2.5783697955558096,mm/s
890,2.0263537088464005,2.376488414216951,mm/s
891,1.8392456346588077,2.4099020491451206,mm/s
892,1.9180034911192376,2.4509577661086914,mm/s
893,2.115141879054729,2.5701639821401776,mm/s
894,2.0886601202132766,2.497811310221605,mm/s
895,2.1243051837446347,2.374416805467998,mm/s
896,1.9175834143886603,2.6826301932125367,mm/s
897,2.159630375472087,2.444164625147112,mm/s
898,1.8247467379358848,2.5220306619532624,mm/s
899,1.9647064968900643,2.4651370748978945,mm/s
900,1.9240610709474961,2.3286247085605014,mm/s
901,2.000220880781286,2.4124319619782493,mm/s
902,1.9794298827388512,2.4227275941722635,mm/s
903,1.8996242601728,2.4127184051741173,mm/s
904,1.944543437816028,2.615853447612997,mm/s
905,1.9644564076479114,2.3971797341550842,mm/s
906,1.9274952491796615,2.453962027673197,mm/s
907,1.839054652219229,2.5196422580143807,mm/s
908,2.201668347840703,2.549972109790237,mm/s
909,1.9520068267560804,2.4226413743742774,mm/s
910,1.9135739889901384,2.3826545872804368,mm/s
911,1.9146620252288507,2.5138892886250637,mm/s
912,1.8114678349527662,2.5304065131135562,mm/s
913,2.0533807254737853,2.5471440496992943,mm/s
914,2.13907879828098,2.5184348765005105,mm/s
915,1.9264055157107942,2.638651110929136,mm/s
916,2.163246206602984,2.247678371993489,mm/s
917,2.070612369727684,2.6698476276794234,mm/s
918,1.8042317732778896,2.7514535570159717,mm/s
919,2.1123407345513368,2.669054190839689,mm/s
920,1.8886379084902123,2.5698423432046233,mm/s
921,1.9925216043056977,2.648710097374933,mm/s
922,2.061366778113436,2.7163632701340683,mm/s
923,2.0051526239165818,2.6788505871073403,mm/s
924,2.0124667013634805,2.31080016795391,mm/s
925,2.0585111458418957,2.5215783358527366,mm/s
926,2.0364821126976045,2.481542553993902,mm/s
927,2.117448534022392,2.3102894716194085,mm/s
928,1.9784398997063648,2.455019453779337,mm/s
929,2.069203239839801,2.4789647279936595,mm/s
930,1.8879073884077069,2.554670123692342,mm/s
931,2.123325289711815,2.480533834650416,mm/s
932,2.0560265486159754,2.4329391613204505,mm/s
933,2.0391758066435397,2.5740490070404736,mm/s
934,2.102182113273637,2.5524978828874163,mm/s
935,2.096377536077566,2.4518193261481755,mm/s
936,1.9745806602334954,2.4407696449425127,mm/s
937,1.9614638376002467,2.41713862460725,mm/s
938,1.872427174001285,2.443226163571989,mm/s
939,1.879081154711983,2.7222658398918687,mm/s
940,1.9295774607237515,2.535477982460318,mm/s
941,1.9884558018329763,2.489334579924281,mm/s
942,2.167554017270143,2.6577876603883017,mm/s
943,1.9583303752425198,2.4887798547466216,mm/s
944,2.003847622955082,2.5577608424754747,mm/s
945,2.286785326796623,2.596749712530115,mm/s
946,1.8784787453170262,2.2814668773434517,mm/s
947,2.0041671706745086,2.43703381155081,mm/s
948,2.0145765560417948,2.61396019278914,mm/s
949,2.020374860757179,2.4708267401349375,mm/s
950,1.9697976357522153,2.222582985476785,mm/s
951,1.9874564127392509,2.5024960248134525,mm/s
952,2.1293658426629314,2.450130138102304,mm/s
953,2.076551851338358,2.629799415863707,mm/s
954,2.071350688308238,2.144247950608518,mm/s
955,1.9627143489315115,2.3584511712515197,mm/s
956,1.995581805588739,2.655328183337942,mm/s
957,2.06177842291843,2.4581399873646244,mm/s
958,1.977467492330237,2.5585079442609775,mm/s
959,1.816213342650146,2.384680811655679,mm/s
960,1.9541590443276202,2.5026853831082083,mm/s
961,2.056266344689206,2.6217935795999536,mm/s
962,1.8985701727394082,2.4531177916152944,mm/s
963,1.6709398018710813,2.5247271166296947,mm/s
964,2.065983096620134,2.4536985273479237,mm/s
965,2.1047509230780195,2.649703499304525,mm/s
966,2.0212064123259275,2.5311326282284106,mm/s
967,1.9284282007425568,2.382002933927167,mm/s
968,2.108052881987374,2.3540725304761394,mm/s
969,2.1337734648428337,2.6430539720414385,mm/s
970,1.9222510509604245,2.556014847628421,mm/s
971,1.954541945268986,2.4275573313286545,mm/s
972,1.9893312328222927,2.499729200410814,mm/s
973,1.7755393694598838,2.4856346741761914,mm/s
974,1.8365370534622643,2.558501799100417,mm/s
975,1.9206925171104183,2.3967462279860663,mm/s
976,2.0324216721160075,2.4779715415099997,mm/s
977,2.0350112198359853,2.436159543002505,mm/s
978,1.8028545628572867,2.6282724060935116,mm/s
979,1.9557512923082276,2.56588128822786,mm/s
980,1.8553326914582176,2.472729601516538,mm/s
981,1.8596929316176833,2.4499217310333137,mm/s
982,2.087129867460293,2.473452700837369,mm/s
983,2.0893897343765753,2.3677230430625764,mm/s
984,1.9566102265981742,2.4052108150094056,mm/s
985,1.8948165424752657,2.456848061611348,mm/s
986,2.082209141347382,2.3738975564988216,mm/s
987,2.061990820341151,2.6161320176576566,mm/s
988,2.0031661603460815,2.404614648013746,mm/s
989,2.016268138280546,2.4808224364013234,mm/s
990,2.15274436774096,2.2250615200537567,mm/s
991,2.0142835205446987,2.397169857126761,mm/s
992,2.020821293897525,2.4881698158688423,mm/s
993,1.9155387256889926,2.353469068428333,mm/s
994,2.1033613486513962,2.850380705277661,mm/s
995,2.1078527524475636,2.340945744002781,mm/s
996,2.0175768040424393,2.399070033959067,mm/s
997,2.2076969603929646,2.628899257797392,mm/s
998,2.0891498105710116,2.380617477724311,mm/s
999,2.0246417282208737,2.4323441880771925,mm/s
